id,date,due_date,supplier_type,supplier_id,supplier_taxid,project_id,stock_subttl,stock_tax,stock_grandttl,expense_subttl,expense_tax,expense_grandttl,asset_subttl,asset_tax,asset_grandttl,grandtax,grandttl,status,paidttl,note,ins,user_id,doc_ref_type,doc_ref,po_id,created_at,updated_at,suppliername,tid,tax,amountpaid,is_tax_exc
1,2022-01-31,2022-03-03,supplier,8,NULL,NULL,0,0,0,687990,0,687990,0,0,0,0,687990,Paid,687990,Balance b/f,1,1,DNote,727,NULL,2022-11-11,2022-11-11,FRONTFREEZE SERVICES LTD,1,0,687990,1
2,2022-02-02,2022-03-05,supplier,8,NULL,87,0,0,0,1000,0,1000,0,0,0,0,1000,Paid,1000,Map gas@1000,1,1,DNote,736,NULL,2022-11-11,2022-11-11,FRONTFREEZE SERVICES LTD,1,0,1000,1
3,2022-02-03,2022-03-06,supplier,8,NULL,84,0,0,0,13000,0,13000,0,0,0,0,13000,Paid,13000,r 410 gas@13k,1,1,DNote,736,NULL,2022-11-11,2022-11-11,FRONTFREEZE SERVICES LTD,1,0,13000,1
4,2022-02-03,2022-03-06,supplier,8,NULL,181,0,0,0,10600,0,10600,0,0,0,0,10600,Paid,10600,"r 22 gas@9000,mapgas@1,000,1 screw pkt@300 and 1 wall plug 1 pkt@300",1,1,DNote,740,NULL,2022-11-11,2022-11-11,FRONTFREEZE SERVICES LTD,1,0,10600,1
5,2022-02-04,2022-03-07,supplier,8,NULL,23,0,0,0,9000,0,9000,0,0,0,0,9000,Paid,9000,R22 1 pc@9000,1,1,DNote,741,NULL,2022-11-11,2022-11-11,FRONTFREEZE SERVICES LTD,1,0,9000,1
6,2022-02-04,2022-03-07,supplier,8,NULL,23,0,0,0,9000,0,9000,0,0,0,0,9000,Paid,9000,R22 1pc@9000,1,1,DNote,743,NULL,2022-11-11,2022-11-11,FRONTFREEZE SERVICES LTD,1,0,9000,1
7,2022-02-05,2022-03-08,supplier,8,NULL,25,0,0,0,67000,0,67000,0,0,0,0,67000,Paid,67000,"36,000 btu r410 comp,rotary@37,000, 1pc universal card@2,200, 1  dp switch@500,R410 gas 2pcs @26,000,plus 1 pkt brazing rods@1300",1,1,DNote,745,NULL,2022-11-11,2022-11-11,FRONTFREEZE SERVICES LTD,1,0,67000,1
8,2022-02-08,2022-03-11,supplier,8,NULL,NULL,0,0,0,4000,0,4000,0,0,0,0,4000,Paid,4000,"clamp meter@4,000",1,1,DNote,749,NULL,2022-11-11,2022-11-11,FRONTFREEZE SERVICES LTD,1,0,4000,1
9,2022-02-09,2022-03-12,supplier,8,NULL,94,0,0,0,35150,0,35150,0,0,0,0,35150,Paid,35150,"24,000 Btu comp@22,000, 1pc r410 gas@13,000,copper rods c3 pcs@150",1,1,DNote,751,NULL,2022-11-11,2022-11-11,FRONTFREEZE SERVICES LTD,1,0,35150,1
10,2022-02-10,2022-03-13,supplier,8,NULL,125,0,0,0,9500,0,9500,0,0,0,0,9500,Paid,9500,"clamp meter@4,000 and Timer@5,500",1,1,DNote,755,NULL,2022-11-11,2022-11-11,FRONTFREEZE SERVICES LTD,1,0,9500,1
11,2021-02-10,2021-03-13,supplier,8,NULL,104,0,0,0,9000,0,9000,0,0,0,0,9000,Paid,9000,"2.5mm 3 core cable@15,000 and 1 avs@3,000",1,1,DNote,756,NULL,2022-11-11,2022-11-11,FRONTFREEZE SERVICES LTD,1,0,9000,1
12,2021-02-10,2021-03-13,supplier,8,NULL,125,0,0,0,9000,0,9000,0,0,0,0,9000,Paid,9000,"2.5mm 3 core cable@15,000 and 1 avs@3,000",1,1,DNote,756,NULL,2022-11-11,2022-11-11,FRONTFREEZE SERVICES LTD,1,0,9000,1
13,2021-02-12,2021-03-15,supplier,8,NULL,NULL,0,0,0,13000,0,13000,0,0,0,0,13000,Paid,13000,"R410 gas 1 pc@13,000",1,1,DNote,759,NULL,2022-11-11,2022-11-11,FRONTFREEZE SERVICES LTD,1,0,13000,1
14,2021-02-12,2021-03-15,supplier,8,NULL,110,0,0,0,13000,0,13000,0,0,0,0,13000,Paid,13000,"R410 gas 1 pc@13,000",1,1,DNote,760,NULL,2022-11-11,2022-11-11,FRONTFREEZE SERVICES LTD,1,0,13000,1
15,2022-02-19,2022-03-22,supplier,8,NULL,NULL,0,0,0,421000,0,421000,0,0,0,0,421000,pmt,421000,Payment via kcb bank ref:FT220507KBW2,1,1,KCB Bank,FT220507KBW2,NULL,2022-11-11,2022-11-11,FRONTFREEZE SERVICES LTD,1,0,421000,1
16,2022-02-16,2022-03-19,supplier,8,NULL,142,0,0,0,5000,0,5000,0,0,0,0,5000,Paid,5000,Air conditioning sensors 1 set ( with 5 pcs ),1,1,DNote,770,NULL,2022-11-11,2022-11-11,FRONTFREEZE SERVICES LTD,1,0,5000,1
17,2022-02-21,2022-03-24,supplier,8,NULL,141,0,0,0,25000,0,25000,0,0,0,0,25000,Paid,25000,"comp 24k btu r410@22,000,avs sollatec 1 pc@3,000",1,1,DNote,790,NULL,2022-11-11,2022-11-11,FRONTFREEZE SERVICES LTD,1,0,25000,1
18,2022-02-22,2022-03-25,supplier,8,NULL,NULL,0,0,0,6000,0,6000,0,0,0,0,6000,Paid,6000,Manfold gauge@6000,1,1,DNote,795,NULL,2022-11-11,2022-11-11,FRONTFREEZE SERVICES LTD,1,0,6000,1
19,2022-02-25,2022-03-28,supplier,8,NULL,NULL,0,0,0,260000,0,260000,0,0,0,0,260000,pmt,260000,Payment via Equity bank ref:76501177,1,1,Equity Bank,76501177,NULL,2022-11-11,2022-11-11,FRONTFREEZE SERVICES LTD,1,0,260000,1
20,2022-02-25,2022-03-28,supplier,8,NULL,NULL,0,0,0,3000,0,3000,0,0,0,0,3000,Paid,3000,Indoor fan motor@3000,1,1,DNote,860,NULL,2022-11-11,2022-11-11,FRONTFREEZE SERVICES LTD,1,0,3000,1
21,2022-02-26,2022-03-29,supplier,8,NULL,336,0,0,0,65500,0,65500,0,0,0,0,65500,Paid,65500,"Comp 24kbtu,r410@22,000,avs sollatec@ 3000,copper rods 1 pkt@1,300,Universal pcb@2200,comp 36kbtu r410@37,000",1,1,DNote,862,NULL,2022-11-11,2022-11-11,FRONTFREEZE SERVICES LTD,1,0,65500,1
22,2022-02-26,2022-03-29,supplier,8,NULL,336,0,0,0,52000,0,52000,0,0,0,0,52000,Paid,52000,"R410 4pcs@52,000",1,1,DNote,864,NULL,2022-11-11,2022-11-11,FRONTFREEZE SERVICES LTD,1,0,52000,1
23,2022-02-26,2022-03-29,supplier,8,NULL,131,0,0,0,83000,0,83000,0,0,0,0,83000,Paid,83000,"R410 gas@(3pcs),39,000,comp R410 24kbtu(2 pcs@44,000",1,1,DNote,867,NULL,2022-11-11,2022-11-11,FRONTFREEZE SERVICES LTD,1,0,83000,1
24,2022-03-01,2022-04-01,supplier,8,NULL,NULL,0,0,0,30880,0,30880,0,0,0,0,30880,Paid,30880,"R410 1 pc@13,000,2.5 3 core 1 roll@15,000Amarflex 5/8 6 pcs@960,Amarflex 3/8 16 pcs@1920",1,1,DNote,873,NULL,2022-11-11,2022-11-11,FRONTFREEZE SERVICES LTD,1,0,30880,1
25,2022-03-02,2022-04-02,supplier,8,NULL,NULL,0,0,0,59000,0,59000,0,0,0,0,59000,Paid,59000,"R410 1 pc@13,000,R22 gas 1 pc@9,000,Comp 18kbtu r410@17,000, Comp r22 24kbtu@20,000",1,1,DNote,878,NULL,2022-11-11,2022-11-11,FRONTFREEZE SERVICES LTD,1,0,59000,1
26,2022-03-03,2022-04-03,supplier,8,NULL,81,0,0,0,31600,0,31600,0,0,0,0,31600,Paid,31600,"pcb card 1 pc@2,200,contactor 32amps 2 pcs@9,000,r410 gas frio 4 pcs@52,000",1,1,DNote,885,NULL,2022-11-11,2022-11-11,FRONTFREEZE SERVICES LTD,1,0,31600,1
27,2022-03-03,2022-04-03,supplier,8,NULL,336,0,0,0,31600,0,31600,0,0,0,0,31600,Paid,31600,"pcb card 1 pc@2,200,contactor 32amps 2 pcs@9,000,r410 gas frio 4 pcs@52,000",1,1,DNote,885,NULL,2022-11-11,2022-11-11,FRONTFREEZE SERVICES LTD,1,0,31600,1
28,2022-03-05,2022-04-05,supplier,8,NULL,199,0,0,0,9680,0,9680,0,0,0,0,9680,Paid,9680,"3/4 elbow 2pcs@300,1/2 elbow1 pc@100,3/4 copper pipe 1 fit@280,r 22 gas 1 cylinder@9,000",1,1,DNote,891,NULL,2022-11-11,2022-11-11,FRONTFREEZE SERVICES LTD,1,0,9680,1
29,2022-03-05,2022-04-05,supplier,8,NULL,169,0,0,0,9000,0,9000,0,0,0,0,9000,Paid,9000,"R22 gas 1 cylinder@9,000",1,1,DNote,892,NULL,2022-11-11,2022-11-11,FRONTFREEZE SERVICES LTD,1,0,9000,1
30,2022-03-12,2022-04-12,supplier,8,NULL,153,0,0,0,41360,0,41360,0,0,0,0,41360,Paid,41360,"R22 gas 1 cylinder@9,000,5/8 Copper pipe(2 rolls@17,000,),3/8 copper pipe(2 rolls@8000,)Armoflex 3/8 13pcs@1430,Armoflex 5/8 13pcs2080,Copper rods 7 pcs@350,Isolator 40 amps@3,500",1,1,DNote,817,NULL,2022-11-11,2022-11-11,FRONTFREEZE SERVICES LTD,1,0,41360,1
31,2022-03-14,2022-04-14,supplier,8,NULL,307,0,0,0,59000,0,59000,0,0,0,0,59000,Paid,59000,"Comps 24,000 r410a 2pcs@44,000,map gas 2 pcs@2,000,R410 gas@13,000",1,1,DNote,820,NULL,2022-11-11,2022-11-11,FRONTFREEZE SERVICES LTD,1,0,59000,1
32,2022-03-15,2022-04-15,supplier,8,NULL,153,0,0,0,39530,0,39530,0,0,0,0,39530,Paid,39530,"Capacitor 35uf@1000,Contactor 40Amps@4,500 m8 rawbolt 8pcs@400,Isolator switch 40 amps@3500,3/8 copper pipe(1 roll@,4000)5/8 Copper pipe(1 roll@8500),Amoflex 3/8 9pcs@1440,Amfolex 5/8,9 pcs@990,4 pcs brazing rods@200,2.5 3 core cable 1 roll@15,000",1,1,DNote,827,NULL,2022-11-11,2022-11-11,FRONTFREEZE SERVICES LTD,1,0,39530,1
33,2022-03-15,2022-04-15,supplier,8,NULL,202,0,0,0,9000,0,9000,0,0,0,0,9000,Paid,9000,R22 Gas@9000,1,1,DNote,830,NULL,2022-11-11,2022-11-11,FRONTFREEZE SERVICES LTD,1,0,9000,1
34,2022-03-15,2022-04-15,supplier,8,NULL,NULL,0,0,0,16900,0,16900,0,0,0,0,16900,Paid,16900,"DP Switch 45Amps@400,32 amps contactor@3500,cable 57mtrs,R410a gas@13,000",1,1,DNote,833,NULL,2022-11-11,2022-11-11,FRONTFREEZE SERVICES LTD,1,0,16900,1
35,2022-03-15,2022-04-15,supplier,8,NULL,NULL,0,0,0,20300,0,20300,0,0,0,0,20300,Paid,20300,"Armouflex 3/4 10 pcs@1800,2.5mm 4 Core@18,500",1,1,DNote,NULL,NULL,2022-11-11,2022-11-11,FRONTFREEZE SERVICES LTD,1,0,20300,1
36,2022-03-17,2022-04-17,supplier,8,NULL,152,0,0,0,30150,0,30150,0,0,0,0,30150,Paid,30150,"Comp 24kbtu r22@20000,Copper rods 3 pcs@150,R22 gas@9000,Map gas@1000",1,1,DNote,837,NULL,2022-11-11,2022-11-11,FRONTFREEZE SERVICES LTD,1,0,30150,1
37,2022-03-17,2022-04-17,supplier,8,NULL,348,0,0,0,17700,0,17700,0,0,0,0,17700,Paid,17700,"copper pipe 5/8 1 roll@8500,Copper pipe 3/8 1 roll@4000,Amoflex 3/8 10 pcs@1600, Amoflex 5/8 10 pcs@1100 2.5 3 core 25mtrs,RawboltsM8 1 pkt@2500",1,1,DNote,Peter boda,NULL,2022-11-11,2022-11-11,FRONTFREEZE SERVICES LTD,1,0,17700,1
38,2022-03-21,2022-04-21,supplier,8,NULL,187,0,0,0,26000,0,26000,0,0,0,0,26000,Paid,26000,R410 gas 2cylinders@26000,1,1,DNote,NULL,NULL,2022-11-11,2022-11-11,FRONTFREEZE SERVICES LTD,1,0,26000,1
39,2022-03-21,2022-04-21,supplier,8,NULL,269,0,0,0,39650,0,39650,0,0,0,0,39650,Paid,39650,"Comp 24,000 btu R410 @22000, 1 map gas@1000, Copper rods 3 pcs@150,R410 gas@1300,Contactor 32amps@3500",1,1,DNote,NULL,NULL,2022-11-11,2022-11-11,FRONTFREEZE SERVICES LTD,1,0,39650,1
40,2022-03-22,2022-04-22,supplier,8,NULL,156,0,0,0,40000,0,40000,0,0,0,0,40000,Paid,40000,"Comp r22 24,000btu 2 pcs@,40,000",1,1,DNote,NULL,NULL,2022-11-11,2022-11-11,FRONTFREEZE SERVICES LTD,1,0,40000,1
41,2022-03-22,2022-04-22,supplier,8,NULL,152,0,0,0,32050,0,32050,0,0,0,0,32050,Paid,32050,"copper pipe 5/8 1 roll@8500,Copper pipe 3/8 1 roll@4000,Amoflex 3/8 5 pcs@800, Amoflex 5/8 5 pcs@550R410 gas@13000,cable 2.5 3 core 1 roll(Used 15 mtrs)@15,000,Cable ties 1 pkt@250,Comp 24,000 btu R410@22000,",1,1,DNote,NULL,NULL,2022-11-11,2022-11-11,FRONTFREEZE SERVICES LTD,1,0,32050,1
42,2022-03-22,2022-04-22,supplier,8,NULL,202,0,0,0,32050,0,32050,0,0,0,0,32050,Paid,32050,"copper pipe 5/8 1 roll@8500,Copper pipe 3/8 1 roll@4000,Amoflex 3/8 5 pcs@800, Amoflex 5/8 5 pcs@550R410 gas@13000,cable 2.5 3 core 1 roll(Used 15 mtrs)@15,000,Cable ties 1 pkt@250,Comp 24,000 btu R410@22000,",1,1,DNote,NULL,NULL,2022-11-11,2022-11-11,FRONTFREEZE SERVICES LTD,1,0,32050,1
43,2022-03-18,2022-04-18,supplier,8,NULL,NULL,0,0,0,100000,0,100000,0,0,0,0,100000,pmt,100000,Payment via Equity bank ref:76573115,1,1,Equity Bank,76573115,NULL,2022-11-11,2022-11-11,FRONTFREEZE SERVICES LTD,1,0,100000,1
44,2022-03-24,2022-04-24,supplier,8,NULL,255,0,0,0,9906.67,0,9906.67,0,0,0,0,9906.67,Paid,9906.67,"R410 Gas@13,000,Amouflex 5/8 (11 pcs)@1760,Amorflex 3/8(11 pcs)@1210, D.P Switch 1 pc@450,Cable 1.5 3 core 18mtrs@12000,Cable  2.5 3 core 19 mtrs@,Brazing rods 1pkt@1300",1,1,DNote,NULL,NULL,2022-11-11,2022-11-11,FRONTFREEZE SERVICES LTD,1,0,9906.67,1
45,2022-03-24,2022-04-24,supplier,8,NULL,178,0,0,0,9906.67,0,9906.67,0,0,0,0,9906.67,Paid,9906.67,"R410 Gas@13,000,Amouflex 5/8 (11 pcs)@1760,Amorflex 3/8(11 pcs)@1210, D.P Switch 1 pc@450,Cable 1.5 3 core 18mtrs@12000,Cable  2.5 3 core 19 mtrs@,Brazing rods 1pkt@1300",1,1,DNote,NULL,NULL,2022-11-11,2022-11-11,FRONTFREEZE SERVICES LTD,1,0,9906.67,1
46,2022-03-24,2022-04-24,supplier,8,NULL,205,0,0,0,9906.67,0,9906.67,0,0,0,0,9906.67,Paid,9906.67,"R410 Gas@13,000,Amouflex 5/8 (11 pcs)@1760,Amorflex 3/8(11 pcs)@1210, D.P Switch 1 pc@450,Cable 1.5 3 core 18mtrs@12000,Cable  2.5 3 core 19 mtrs@,Brazing rods 1pkt@1300",1,1,DNote,NULL,NULL,2022-11-11,2022-11-11,FRONTFREEZE SERVICES LTD,1,0,9906.67,1
47,2022-03-25,2022-04-25,supplier,8,NULL,156,0,0,0,200,0,200,0,0,0,0,200,Paid,200,"capillary tube 1 mtr@,",1,1,DNote,905,NULL,2022-11-11,2022-11-11,FRONTFREEZE SERVICES LTD,1,0,200,1
48,2022-03-25,2022-04-25,supplier,8,NULL,303,0,0,0,23940,0,23940,0,0,0,0,23940,Paid,23940,"3/4 coppe pipe 6mtrs@15000,1/2 copper pipe 6 mtrss@7,500,M8 threaded rods 4 pcs@640,bit M12@800",1,1,DNote,906,NULL,2022-11-11,2022-11-11,FRONTFREEZE SERVICES LTD,1,0,23940,1
49,2022-03-26,2022-04-26,supplier,8,NULL,NULL,0,0,0,1350,0,1350,0,0,0,0,1350,Paid,1350,"minitrunking trunking plastic 1pc@600,dp switch 1 pc@450,conta glue 1/4 ltr@300,2.5mm3 core cable 6 mtrs@,",1,1,DNote,907,NULL,2022-11-11,2022-11-11,FRONTFREEZE SERVICES LTD,1,0,1350,1
50,2022-03-28,2022-04-28,supplier,8,NULL,303,0,0,0,18000,0,18000,0,0,0,0,18000,Paid,18000,"2.5 4 core cable 6mtrs,(1 roll)@18,000",1,1,DNote,912,NULL,2022-11-11,2022-11-11,FRONTFREEZE SERVICES LTD,1,0,18000,1
51,2022-03-28,2022-04-28,supplier,8,NULL,202,0,0,0,22000,0,22000,0,0,0,0,22000,Paid,22000,"Comp 24,000 btu R410 @22000,",1,1,DNote,918,NULL,2022-11-11,2022-11-11,FRONTFREEZE SERVICES LTD,1,0,22000,1
52,2022-03-28,2022-04-28,supplier,8,NULL,NULL,0,0,0,1000,0,1000,0,0,0,0,1000,Paid,1000,1 map gas@1000,1,1,DNote,920,NULL,2022-11-11,2022-11-11,FRONTFREEZE SERVICES LTD,1,0,1000,1
53,2022-03-29,2022-04-29,supplier,8,NULL,189,0,0,0,51350,0,51350,0,0,0,0,51350,Paid,51350,"profile 10 pcs@10,000,corner cover 30 pcs@1050,corner plate 40 pcs@1400,contaglue 2 ltrs2,000,h-dionet 8 pcs@4,800,Aluminium tape 3 pcs@900,pal sheets 4 pcs@31200",1,1,DNote,923,NULL,2022-11-11,2022-11-11,FRONTFREEZE SERVICES LTD,1,0,51350,1
54,2022-03-31,2022-05-01,supplier,8,NULL,141,0,0,0,35000,0,35000,0,0,0,0,35000,Paid,35000,"Comp 24,000 r410@22,000,R410 gas@13,000",1,1,DNote,929,NULL,2022-11-11,2022-11-11,FRONTFREEZE SERVICES LTD,1,0,35000,1
55,2022-03-31,2022-05-01,supplier,8,NULL,260,0,0,0,12920,0,12920,0,0,0,0,12920,Paid,12920,"1/2 copper pipe@7,500,1/4 copper pipe@3,500,Amoflex 1/2 8pcs@1120,Amoflex 1/4 8 pcs@800,Cable 2.5mm 3 core(15mtrs)",1,1,DNote,934,NULL,2022-11-11,2022-11-11,FRONTFREEZE SERVICES LTD,1,0,12920,1
56,2022-04-01,2022-05-02,supplier,8,NULL,287,0,0,0,50000,0,50000,0,0,0,0,50000,Paid,50000,"Maxron R410 5 cylinders@50,000",1,1,DNote,937,NULL,2022-11-11,2022-11-11,FRONTFREEZE SERVICES LTD,1,0,50000,1
57,2022-03-29,2022-04-29,supplier,8,NULL,NULL,0,0,0,130000,0,130000,0,0,0,0,130000,pmt,130000,Payment via KCB Bank ref:FT22088QB0YJ,1,1,KCB Bank,FT22088QB0YJ,NULL,2022-11-11,2022-11-11,FRONTFREEZE SERVICES LTD,1,0,130000,1
58,2022-04-01,2022-05-02,supplier,8,NULL,NULL,0,0,0,500000,0,500000,0,0,0,0,500000,pmt,500000,Payment via KCB Bank ref:FT220912NDVJ,1,1,KCB Bank,FT220912NDVJ,NULL,2022-11-11,2022-11-11,FRONTFREEZE SERVICES LTD,1,0,500000,1
59,2022-04-05,2022-05-06,supplier,8,NULL,NULL,0,0,0,13000,0,13000,0,0,0,0,13000,Paid,13000,"R410 gas 1 cylinder@,13,000",1,1,DNote,945,NULL,2022-11-11,2022-11-11,FRONTFREEZE SERVICES LTD,1,0,13000,1
60,2022-04-05,2022-05-06,supplier,8,NULL,307,0,0,0,130000,0,130000,0,0,0,0,130000,Paid,130000,"R410 gas 1 cylinder@,13,000",1,1,DNote,946,NULL,2022-11-11,2022-11-11,FRONTFREEZE SERVICES LTD,1,0,130000,1
61,2022-04-06,2022-05-07,supplier,8,NULL,288,0,0,0,1150,0,1150,0,0,0,0,1150,Paid,1150,"Aluminium tape 1pc@350,mason bit 12@800",1,1,DNote,948,NULL,2022-11-11,2022-11-11,FRONTFREEZE SERVICES LTD,1,0,1150,1
62,2022-04-06,2022-05-07,supplier,8,NULL,290,0,0,0,30350,0,30350,0,0,0,0,30350,Paid,30350,"315 SMP Inline fan@27,000,Alumunium threaded tape@350,2mtrs canvas@3,000",1,1,DNote,949,NULL,2022-11-11,2022-11-11,FRONTFREEZE SERVICES LTD,1,0,30350,1
63,2022-04-07,2022-05-08,supplier,8,NULL,288,0,0,0,14000,0,14000,0,0,0,0,14000,Paid,14000,"Fiber insulation 1 roll@14,000",1,1,DNote,951,NULL,2022-11-11,2022-11-11,FRONTFREEZE SERVICES LTD,1,0,14000,1
64,2022-04-08,2022-05-09,supplier,8,NULL,296,0,0,0,9000,0,9000,0,0,0,0,9000,Paid,9000,R22 gas@9000,1,1,DNote,958,NULL,2022-11-11,2022-11-11,FRONTFREEZE SERVICES LTD,1,0,9000,1
65,2022-04-09,2022-05-10,supplier,8,NULL,336,0,0,0,3000,0,3000,0,0,0,0,3000,Paid,3000,"Fan motor outdoor@3,000",1,1,DNote,964,NULL,2022-11-11,2022-11-11,FRONTFREEZE SERVICES LTD,1,0,3000,1
66,2022-04-09,2022-05-10,supplier,8,NULL,298,0,0,0,13000,0,13000,0,0,0,0,13000,Paid,13000,"R410 gas@13,000",1,1,DNote,968,NULL,2022-11-11,2022-11-11,FRONTFREEZE SERVICES LTD,1,0,13000,1
67,2022-04-12,2022-05-13,supplier,8,NULL,300,0,0,0,30000,0,30000,0,0,0,0,30000,Paid,30000,"R410 comp 18kbtu@17,000,R410 gas 1pc@,13,000",1,1,DNote,976,NULL,2022-11-11,2022-11-11,FRONTFREEZE SERVICES LTD,1,0,30000,1
68,2022-04-12,2022-05-13,supplier,8,NULL,306,0,0,0,13000,0,13000,0,0,0,0,13000,Paid,13000,"R410 gas@13,000",1,1,DNote,979,NULL,2022-11-11,2022-11-11,FRONTFREEZE SERVICES LTD,1,0,13000,1
69,2022-04-13,2022-05-14,supplier,8,NULL,288,0,0,0,90000,0,90000,0,0,0,0,90000,Paid,90000,"Double grill 450 by 250 face 2pcs@9,000",1,1,DNote,981,NULL,2022-11-11,2022-11-11,FRONTFREEZE SERVICES LTD,1,0,90000,1
70,2022-04-19,2022-05-20,supplier,8,NULL,468,0,0,0,40300,0,40300,0,0,0,0,40300,Paid,40300,"R410 24kbtu comp,@22,000R410 gas@13,000,contactor 32 amps single phase@4,000,Copper rods 1 pkt@1,300",1,1,DNote,997,NULL,2022-11-11,2022-11-11,FRONTFREEZE SERVICES LTD,1,0,40300,1
71,2022-04-19,2022-05-20,supplier,8,NULL,468,0,0,0,3000,0,3000,0,0,0,0,3000,Paid,3000,Outdoor fan motor 1 pc@3000,1,1,DNote,1001,NULL,2022-11-11,2022-11-11,FRONTFREEZE SERVICES LTD,1,0,3000,1
72,2022-04-20,2022-05-21,supplier,8,NULL,321,0,0,0,29000,0,29000,0,0,0,0,29000,Paid,29000,"5/8 copper pipe(1 roll)@8,500,2.5mm 3 core cable(1 roll)@15,000,outdoor bracket(1 pc)@1,000,1 map gas@1,000,32 amps circuit breaker@3,00032 amps d,p switch@500",1,1,DNote,1008,NULL,2022-11-11,2022-11-11,FRONTFREEZE SERVICES LTD,1,0,29000,1
73,2022-04-20,2022-05-21,supplier,8,NULL,309,0,0,0,14100,0,14100,0,0,0,0,14100,Paid,14100,"5/8 copper pipe(1 roll)@8,500,3/8 copper pipe(1 roll)@4,000,Amoflex 5/8 10 pcs@1600",1,1,DNote,1009,NULL,2022-11-11,2022-11-11,FRONTFREEZE SERVICES LTD,1,0,14100,1
74,2022-04-21,2022-05-22,supplier,8,NULL,468,0,0,0,27000,0,27000,0,0,0,0,27000,Paid,27000,"R 22 Gas 3 pcs@27,000",1,1,DNote,1013,NULL,2022-11-11,2022-11-11,FRONTFREEZE SERVICES LTD,1,0,27000,1
75,2022-04-21,2022-05-22,supplier,8,NULL,308,0,0,0,9000,0,9000,0,0,0,0,9000,Paid,9000,"R 22 1 Pc @9,000",1,1,DNote,1016,NULL,2022-11-11,2022-11-11,FRONTFREEZE SERVICES LTD,1,0,9000,1
76,2022-04-22,2022-05-23,supplier,8,NULL,NULL,0,0,0,300000,0,300000,0,0,0,0,300000,pmt,300000,Payment via equity Bank ref:76680032,1,1,Equity Bank,76680032,NULL,2022-11-11,2022-11-11,FRONTFREEZE SERVICES LTD,1,0,300000,1
77,2022-04-22,2022-05-23,supplier,8,NULL,315,0,0,0,66910,0,66910,0,0,0,0,66910,Paid,66910,"3/8 Copper pipe(1 roll)@4,000,5/8 Copper pipe 1 roll@8,500,Armoflx 5/8 @1,280and 3/8 8 pcs each@880,1 Pkt of cable ties@250,4 cylinders of R410@52,000",1,1,DNote,1024,NULL,2022-11-11,2022-11-11,FRONTFREEZE SERVICES LTD,1,0,66910,1
78,2022-04-26,2022-05-27,supplier,8,NULL,468,0,0,0,60000,0,60000,0,0,0,0,60000,Paid,60000,"36,000 outdoor condensing unit 2pcs@,60,000",1,1,DNote,1030,NULL,2022-11-11,2022-11-11,FRONTFREEZE SERVICES LTD,1,0,60000,1
79,2022-04-26,2022-05-27,supplier,8,NULL,323,0,0,0,28300,0,28300,0,0,0,0,28300,Paid,28300,"3/8 copper pipe(1 roll)4,000,5/8 Copper pipe(1 roll),8,5001.5mm 3 core cable(1 roll)@11,500,Armoflex 5/8 5 pcs@800,Dp switch 32amps 1 pc@500, 1 pkt of M10 rawbolts@2,000,1 Mounting bracket@1,000",1,1,DNote,1033,NULL,2022-11-11,2022-11-11,FRONTFREEZE SERVICES LTD,1,0,28300,1
80,2022-04-26,2022-05-27,supplier,8,NULL,323,0,0,0,3000,0,3000,0,0,0,0,3000,Paid,3000,"1 pkt of m8 rawbolts@3,000",1,1,DNote,1034,NULL,2022-11-11,2022-11-11,FRONTFREEZE SERVICES LTD,1,0,3000,1
81,2022-04-27,2022-05-28,supplier,8,NULL,NULL,0,0,0,1200,0,1200,0,0,0,0,1200,Paid,1200,"Silicon tube@500,2pcs,Aluminium tape@700 2 pcs",1,1,DNote,1019,NULL,2022-11-11,2022-11-11,FRONTFREEZE SERVICES LTD,1,0,1200,1
82,2022-04-28,2022-05-29,supplier,8,NULL,325,0,0,0,15000,0,15000,0,0,0,0,15000,Paid,15000,"2.5 3 core cable 1 roll@,15,000",1,1,DNote,1037,NULL,2022-11-11,2022-11-11,FRONTFREEZE SERVICES LTD,1,0,15000,1
83,2022-04-28,2022-05-29,supplier,8,NULL,468,0,0,0,60000,0,60000,0,0,0,0,60000,Paid,60000,"36,000 outdoor condensing unit 2pcs@,60,000",1,1,DNote,1038,NULL,2022-11-11,2022-11-11,FRONTFREEZE SERVICES LTD,1,0,60000,1
84,2022-04-28,2022-05-29,supplier,8,NULL,325,0,0,0,19900,0,19900,0,0,0,0,19900,Paid,19900,"5/8 copper pipe@8,500,and 3/8 copper pipe @4,000,Amorflex 5/8 15pcs@2,400,Mounting bracket 1 pc@1,000,Breaker 32 amps 1 pcs@2,500,Dp switch 32amps 1pc@500",1,1,DNote,1039,NULL,2022-11-11,2022-11-11,FRONTFREEZE SERVICES LTD,1,0,19900,1
85,2022-04-28,2022-05-29,supplier,8,NULL,468,0,0,0,27000,0,27000,0,0,0,0,27000,Paid,27000,"R 22 Frio gas 3 cylinders@27,000",1,1,DNote,1040,NULL,2022-11-11,2022-11-11,FRONTFREEZE SERVICES LTD,1,0,27000,1
86,2022-04-29,2022-05-30,supplier,8,NULL,288,0,0,0,26150,0,26150,0,0,0,0,26150,Paid,26150,"Fan ya tp 150mm@13,000,12inch flexible duct non insulated@3,800,Round diffuser grill 2pcs@9,000,Aluminiun tape 1 pc@,350",1,1,DNote,1042,NULL,2022-11-11,2022-11-11,FRONTFREEZE SERVICES LTD,1,0,26150,1
87,2022-05-04,2022-06-04,supplier,8,NULL,340,0,0,0,3000,0,3000,0,0,0,0,3000,Paid,3000,"Discharge pipe sensor for toshiba 1 pc@,3,000",1,1,DNote,1048,NULL,2022-11-11,2022-11-11,FRONTFREEZE SERVICES LTD,1,0,3000,1
88,2022-05-05,2022-06-05,supplier,8,NULL,NULL,0,0,0,18000,0,18000,0,0,0,0,18000,Paid,18000,"R22 gas 2 cylinders@18,000",1,1,DNote,1050,NULL,2022-11-11,2022-11-11,FRONTFREEZE SERVICES LTD,1,0,18000,1
89,2022-05-05,2022-06-05,supplier,8,NULL,468,0,0,0,9000,0,9000,0,0,0,0,9000,Paid,9000,"R22 gas 1 cylinder@9,000",1,1,DNote,1054,NULL,2022-11-11,2022-11-11,FRONTFREEZE SERVICES LTD,1,0,9000,1
90,2022-05-05,2022-06-05,supplier,8,NULL,339,0,0,0,70410,0,70410,0,0,0,0,70410,Paid,70410,"Copper pipe 5/8 2 pcs@17,000,3/8 copper pipe 2pcs@8,000,Amoflex 3/8 16pcs@1760,Mounting brackert 1 pc@1,000,condensate pump 2ltrs@14,000,Cable ties 1 pkt@250,Copper rods 1 pkt@1,300,Wrapping tape 2 pcs@500,Conta glue 1/2 ltr@600,r410 gas 2 cylinders@26,000",1,1,DNote,1055,NULL,2022-11-11,2022-11-11,FRONTFREEZE SERVICES LTD,1,0,70410,1
91,2022-05-06,2022-06-06,supplier,8,NULL,340,0,0,0,11100,0,11100,0,0,0,0,11100,Paid,11100,"Toshiba wired remote@4,000,Conta glue 1/2 ltr@600,Circuit breaker 63 amps@,6,500",1,1,DNote,1057,NULL,2022-11-11,2022-11-11,FRONTFREEZE SERVICES LTD,1,0,11100,1
92,2022-05-06,2022-06-06,supplier,8,NULL,339,0,0,0,2560,0,2560,0,0,0,0,2560,Paid,2560,"5/8 16Pcs  amorflex@,2560",1,1,DNote,Peter boda,NULL,2022-11-11,2022-11-11,FRONTFREEZE SERVICES LTD,1,0,2560,1
93,2022-05-07,2022-06-07,supplier,8,NULL,346,0,0,0,13560,0,13560,0,0,0,0,13560,Paid,13560,"Copperpipe 1/2 1 pc@7,500,d.p switch 32amps@500,circuit breaker 32amps@4,500,Tangit glue 1/2 ltr@500,Amoflrx 1/2 4 pcs@560",1,1,DNote,1062,NULL,2022-11-11,2022-11-11,FRONTFREEZE SERVICES LTD,1,0,13560,1
94,2022-05-10,2022-06-10,supplier,8,NULL,345,0,0,0,26000,0,26000,0,0,0,0,26000,Paid,26000,"Contactor 63Amps 2pcs@13,000,3 phase failure 2pcs@,13,000",1,1,DNote,1073,NULL,2022-11-11,2022-11-11,FRONTFREEZE SERVICES LTD,1,0,26000,1
95,2022-05-12,2022-06-12,supplier,8,NULL,NULL,0,0,0,300000,0,300000,0,0,0,0,300000,pmt,300000,Payment via equity Bank ref:76746098,1,1,Equity Bank,76746098,NULL,2022-11-11,2022-11-11,FRONTFREEZE SERVICES LTD,1,0,300000,1
96,2022-05-25,2022-06-25,supplier,8,NULL,NULL,0,0,0,300000,0,300000,0,0,0,0,300000,pmt,300000,Payment via equity Bank ref:76784019,1,1,Equity Bank,76784019,NULL,2022-11-11,2022-11-11,FRONTFREEZE SERVICES LTD,1,0,300000,1
97,2022-05-12,2022-06-12,supplier,8,NULL,353,0,0,0,57000,0,57000,0,0,0,0,57000,Paid,57000,"2 Cylinders or r410@26,000,24,000 btu comp r410 1 pc22,000,R22 gas 1 cylinder@9000",1,1,DNote,1077,NULL,2022-11-11,2022-11-11,FRONTFREEZE SERVICES LTD,1,0,57000,1
98,2022-05-12,2022-06-12,supplier,8,NULL,201,0,0,0,26000,0,26000,0,0,0,0,26000,Paid,26000,"2 Cylinders of r410@26,000",1,1,DNote,1078,NULL,2022-11-11,2022-11-11,FRONTFREEZE SERVICES LTD,1,0,26000,1
99,2022-05-14,2022-06-14,supplier,8,NULL,358,0,0,0,96550,0,96550,0,0,0,0,96550,Paid,96550,"5/8 coppper pipe 2 pcs@17,000,3/8 copper pipe 2 pcs8,000,Amoflex 5/8 10 pcs@1600,Amoflex 3/8 1100 pcs@,Cable tie 1 pkt@250,1roll cable 2.5mm@15,000,R410 cylinder 3 pcs@39,000,Condensate pump 2 liters14,000,Flex pipe 3mtrs@600",1,1,DNote,1082,NULL,2022-11-11,2022-11-11,FRONTFREEZE SERVICES LTD,1,0,96550,1
100,2022-05-16,2022-06-16,supplier,8,NULL,357,0,0,0,20000,0,20000,0,0,0,0,20000,Paid,20000,"18,000Btu outdoor unit@,20,000",1,1,DNote,1087,NULL,2022-11-11,2022-11-11,FRONTFREEZE SERVICES LTD,1,0,20000,1
101,2022-05-17,2022-06-17,supplier,8,NULL,410,0,0,0,52000,0,52000,0,0,0,0,52000,Paid,52000,"4 Cylinders of r410@52,000",1,1,DNote,1094,NULL,2022-11-11,2022-11-11,FRONTFREEZE SERVICES LTD,1,0,52000,1
102,2022-05-20,2022-06-20,supplier,8,NULL,404,0,0,0,2400,0,2400,0,0,0,0,2400,Paid,2400,"Capacitor 50uf@1,200",1,1,DNote,1100,NULL,2022-11-11,2022-11-11,FRONTFREEZE SERVICES LTD,1,0,2400,1
103,2022-05-20,2022-06-20,supplier,8,NULL,405,0,0,0,35000,0,35000,0,0,0,0,35000,Paid,35000,"Compressor 24,000btu r410a@22,000.R410 gas@13,000",1,1,DNote,1104,NULL,2022-11-11,2022-11-11,FRONTFREEZE SERVICES LTD,1,0,35000,1
104,2022-05-25,2022-06-25,supplier,8,NULL,420,0,0,0,83900,0,83900,0,0,0,0,83900,Paid,83900,"R410 3 pcs@39,000,Comp 24,000 btu R410 2pcs@44,000,Capacitor 5uf500,DP Switch 1 pc@400",1,1,DNote,1122,NULL,2022-11-11,2022-11-11,FRONTFREEZE SERVICES LTD,1,0,83900,1
105,2022-05-28,2022-06-28,supplier,8,NULL,420,0,0,0,1050,0,1050,0,0,0,0,1050,Paid,1050,"Dp Switch 2 pcs@800,Connector(1 pc@200,Insullation tape@50",1,1,DNote,1137,NULL,2022-11-11,2022-11-11,FRONTFREEZE SERVICES LTD,1,0,1050,1
106,2022-05-28,2022-06-28,supplier,8,NULL,437,0,0,0,22000,0,22000,0,0,0,0,22000,Paid,22000,"Compressor 24,000btu r410a 2pcs",1,1,DNote,1138,NULL,2022-11-11,2022-11-11,FRONTFREEZE SERVICES LTD,1,0,22000,1
107,2022-05-28,2022-06-28,supplier,8,NULL,443,0,0,0,22000,0,22000,0,0,0,0,22000,Paid,22000,"Compressor 24,000btu r410a 2pcs",1,1,DNote,1138,NULL,2022-11-11,2022-11-11,FRONTFREEZE SERVICES LTD,1,0,22000,1
108,2022-06-04,2022-07-05,supplier,8,NULL,NULL,0,0,0,350000,0,350000,0,0,0,0,350000,pmt,350000,Payment via kcb bank ref:FT22155DZK1V,1,1,KCB Bank,FT22155DZK1V,NULL,2022-11-11,2022-11-11,FRONTFREEZE SERVICES LTD,1,0,350000,1
109,2022-06-06,2022-07-07,supplier,8,NULL,476,0,0,0,27000,0,27000,0,0,0,0,27000,Paid,27000,"Compressor 24,00btu r410 1pc@22,000,universal pcb card 1pc@2,500,capacitor 45uf 1pc@1,000,1 pkt of copper rods@1,500",1,1,DNote,1167,NULL,2022-11-11,2022-11-11,FRONTFREEZE SERVICES LTD,1,0,27000,1
110,2022-06-08,2022-07-09,supplier,8,NULL,354,0,0,0,1000,0,1000,0,0,0,0,1000,Paid,1000,"capacitor 45uf 1pc@1,000",1,1,DNote,Molo,NULL,2022-11-11,2022-11-11,FRONTFREEZE SERVICES LTD,1,0,1000,1
111,2022-06-09,2022-07-10,supplier,8,NULL,419,0,0,0,29000,0,29000,0,0,0,0,29000,Paid,29000,"Condensing unit 18,000btu lg@20,000 and R22 gas@9000",1,1,DNote,Nakuru,NULL,2022-11-11,2022-11-11,FRONTFREEZE SERVICES LTD,1,0,29000,1
112,2022-06-10,2022-07-11,supplier,8,NULL,475,0,0,0,150,0,150,0,0,0,0,150,Paid,150,"capillary tube 1/2mtr@,",1,1,DNote,1182,NULL,2022-11-11,2022-11-11,FRONTFREEZE SERVICES LTD,1,0,150,1
113,2022-06-10,2022-07-11,supplier,8,NULL,290,0,0,0,9000,0,9000,0,0,0,0,9000,Paid,9000,"2 fan motors@5,000,R410 gas@13,000,R22 gas@9,000",1,1,DNote,NULL,NULL,2022-11-11,2022-11-11,FRONTFREEZE SERVICES LTD,1,0,9000,1
114,2022-06-10,2022-07-11,supplier,8,NULL,443,0,0,0,9000,0,9000,0,0,0,0,9000,Paid,9000,"2 fan motors@5,000,R410 gas@13,000,R22 gas@9,000",1,1,DNote,NULL,NULL,2022-11-11,2022-11-11,FRONTFREEZE SERVICES LTD,1,0,9000,1
115,2022-06-10,2022-07-11,supplier,8,NULL,443,0,0,0,9000,0,9000,0,0,0,0,9000,Paid,9000,"2 fan motors@5,000,R410 gas@13,000,R22 gas@9,000",1,1,DNote,NULL,NULL,2022-11-11,2022-11-11,FRONTFREEZE SERVICES LTD,1,0,9000,1
116,2022-06-11,2022-07-12,supplier,8,NULL,484,0,0,0,22000,0,22000,0,0,0,0,22000,Paid,22000,"Compressor 24,000btu r410 1 pc@22,000",1,1,DNote,1187,NULL,2022-11-11,2022-11-11,FRONTFREEZE SERVICES LTD,1,0,22000,1
117,2022-06-13,2022-07-14,supplier,8,NULL,407,0,0,0,23650,0,23650,0,0,0,0,23650,Paid,23650,"R32 gas@16,000,cable 4mm 3 core 2.5(25mtrs)@6,750,capillary tube 3 mtrs@900",1,1,DNote,1195,NULL,2022-11-11,2022-11-11,FRONTFREEZE SERVICES LTD,1,0,23650,1
118,2022-06-13,2022-07-14,supplier,8,NULL,494,0,0,0,30000,0,30000,0,0,0,0,30000,Paid,30000,"Compressor 12,000btu r410 1 pc@15,000,R410 gas 1 cylinder@13,000,2 pcs map gas@2000",1,1,DNote,parcel,NULL,2022-11-11,2022-11-11,FRONTFREEZE SERVICES LTD,1,0,30000,1
119,2022-06-14,2022-07-15,supplier,8,NULL,NULL,0,0,0,8500,0,8500,0,0,0,0,8500,Paid,8500,"Double probe thermostart,Ako brand@8,500",1,1,DNote,1199,NULL,2022-11-11,2022-11-11,FRONTFREEZE SERVICES LTD,1,0,8500,1
120,2022-06-15,2022-07-16,supplier,8,NULL,NULL,0,0,0,48000,0,48000,0,0,0,0,48000,Paid,48000,"R410 gas 3 cylinder@39,000,R22 gas cylinder 1pc@9000",1,1,DNote,1206,NULL,2022-11-11,2022-11-11,FRONTFREEZE SERVICES LTD,1,0,48000,1
121,2022-06-15,2022-07-16,supplier,8,NULL,508,0,0,0,8000,0,8000,0,0,0,0,8000,Paid,8000,"Condenser fan motor@8,000",1,1,DNote,Karen leadership,NULL,2022-11-11,2022-11-11,FRONTFREEZE SERVICES LTD,1,0,8000,1
122,2022-06-16,2022-07-17,supplier,8,NULL,596,0,0,0,2000,0,2000,0,0,0,0,2000,Paid,2000,"Coil sensor@2,000",1,1,DNote,1210,NULL,2022-11-11,2022-11-11,FRONTFREEZE SERVICES LTD,1,0,2000,1
123,2022-06-21,2022-07-22,supplier,8,NULL,NULL,0,0,0,500000,0,500000,0,0,0,0,500000,pmt,500000,Payment via equity Bank ref:76862873,1,1,Equity Bank,76862873,NULL,2022-11-11,2022-11-11,FRONTFREEZE SERVICES LTD,1,0,500000,1
124,2022-06-27,2022-07-28,supplier,8,NULL,NULL,0,0,0,100000,0,100000,0,0,0,0,100000,pmt,100000,Payment via equity Bank ref:7687912,1,1,Equity Bank,7687912,NULL,2022-11-11,2022-11-11,FRONTFREEZE SERVICES LTD,1,0,100000,1
125,2022-06-17,2022-07-18,supplier,8,NULL,513,0,0,0,33580,0,33580,0,0,0,0,33580,Paid,33580,"5/8 copper pipe 3 rolls@28,500,3/8 Copper pipe 3 pcs@13,500,Amoflex 5/8 28 pcs@4,480,Amoflex 3/8 28pcs@3,080,M8 threaded rods 10 pcs@1600,cable 2.5mm 3 core 1 roll@16,000",1,1,DNote,1213,NULL,2022-11-11,2022-11-11,FRONTFREEZE SERVICES LTD,1,0,33580,1
126,2022-06-17,2022-07-18,supplier,8,NULL,499,0,0,0,33580,0,33580,0,0,0,0,33580,Paid,33580,"5/8 copper pipe 3 rolls@28,500,3/8 Copper pipe 3 pcs@13,500,Amoflex 5/8 28 pcs@4,480,Amoflex 3/8 28pcs@3,080,M8 threaded rods 10 pcs@1600,cable 2.5mm 3 core 1 roll@16,000",1,1,DNote,1213,NULL,2022-11-11,2022-11-11,FRONTFREEZE SERVICES LTD,1,0,33580,1
127,2022-06-18,2022-07-19,supplier,8,NULL,524,0,0,0,5800,0,5800,0,0,0,0,5800,Paid,5800,"Dp switch 32Amps@400,6mm single core 27mtrs@5,400,",1,1,DNote,1215,NULL,2022-11-11,2022-11-11,FRONTFREEZE SERVICES LTD,1,0,5800,1
128,2022-06-23,2022-07-24,supplier,8,NULL,523,0,0,0,26000,0,26000,0,0,0,0,26000,Paid,26000,"Thermal overload 50 Amps 2 pcs@6000,3 phase Avs 2 pcs@15,000,6 mm cable single core 10 mtrs@2000,brazing rods 1 pkt@1500,Cable 0.7mm 3 core 15 mtrs@1500,",1,1,DNote,1230,NULL,2022-11-11,2022-11-11,FRONTFREEZE SERVICES LTD,1,0,26000,1
129,2022-06-24,2022-07-25,supplier,8,NULL,523,0,0,0,16000,0,16000,0,0,0,0,16000,Paid,16000,"2.5mm 3 core cable 37 mtrs rest came to office@16,000",1,1,DNote,1231,NULL,2022-11-11,2022-11-11,FRONTFREEZE SERVICES LTD,1,0,16000,1
130,2022-06-24,2022-07-25,supplier,8,NULL,526,0,0,0,25000,0,25000,0,0,0,0,25000,Paid,25000,"Comp 24,000btu R410a 1pc@22,000(qtn 1169),1 pkt for brazing rods@1500,(Qtn all devided equally)Capacitor 45uf@1500@(1304),R22 gas 5 pcs@50,0000-(Qtn 1327 4 pcs 1 rem as office stock)",1,1,DNote,1232,NULL,2022-11-11,2022-11-11,FRONTFREEZE SERVICES LTD,1,0,25000,1
131,2022-06-24,2022-07-25,supplier,8,NULL,528,0,0,0,25000,0,25000,0,0,0,0,25000,Paid,25000,"Comp 24,000btu R410a 1pc@22,000(qtn 1169),1 pkt for brazing rods@1500,(Qtn all devided equally)Capacitor 45uf@1500@(1304),R22 gas 5 pcs@50,0000-(Qtn 1327 4 pcs 1 rem as office stock)",1,1,DNote,1232,NULL,2022-11-11,2022-11-11,FRONTFREEZE SERVICES LTD,1,0,25000,1
132,2022-06-24,2022-07-25,supplier,8,NULL,529,0,0,0,25000,0,25000,0,0,0,0,25000,Paid,25000,"Comp 24,000btu R410a 1pc@22,000(qtn 1169),1 pkt for brazing rods@1500,(Qtn all devided equally)Capacitor 45uf@1500@(1304),R22 gas 5 pcs@50,0000-(Qtn 1327 4 pcs 1 rem as office stock)",1,1,DNote,1232,NULL,2022-11-11,2022-11-11,FRONTFREEZE SERVICES LTD,1,0,25000,1
133,2022-06-27,2022-07-28,supplier,8,NULL,570,0,0,0,45000,0,45000,0,0,0,0,45000,Paid,45000,"6mm 5 core cable(50 mtrs)@45,000",1,1,DNote,1244,NULL,2022-11-11,2022-11-11,FRONTFREEZE SERVICES LTD,1,0,45000,1
134,2022-06-28,2022-07-29,supplier,8,NULL,520,0,0,0,19500,0,19500,0,0,0,0,19500,Paid,19500,"Air curtain 900mm(3 ft)@19,500",1,1,DNote,1246,NULL,2022-11-11,2022-11-11,FRONTFREEZE SERVICES LTD,1,0,19500,1
135,2022-06-28,2022-07-29,supplier,8,NULL,529,0,0,0,102000,0,102000,0,0,0,0,102000,Paid,102000,"Compressor r410a 24,000btu@22,000(Qtn 1420),Capacitor 45uf@1500(Qtn 1420),R410 gas 2 pcs@26,000(Qtn 1420),Avs 30 1 pc@3000(Qtn 1420),Comp 18,000btu R410@18,000(stock),Comp 18,000btu r22@15,500(Qtn 1423),R22 gas 1 cylinder@10,000(Qtn 1423),Contactor 2 pcs 40Amps@5,000(Qtn 1420),1 Map gas@1,000(Qtn 1304)",1,1,DNote,1249,NULL,2022-11-11,2022-11-11,FRONTFREEZE SERVICES LTD,1,0,102000,1
136,2022-06-28,2022-07-29,supplier,8,NULL,449,0,0,0,53680,0,53680,0,0,0,0,53680,Paid,53680,"Air curtain 900mm(3 ft) 2pcs@39,000,R410 1 cylinder@13,000,dp switch 32Amps@400,1.5mm 3 core cable 10 mtrs@1100,Wall plugs 30 pcs@90,Screws 30 pcs@90",1,1,DNote,Parcel,NULL,2022-11-11,2022-11-11,FRONTFREEZE SERVICES LTD,1,0,53680,1
137,2022-06-29,2022-07-30,supplier,8,NULL,529,0,0,0,35500,0,35500,0,0,0,0,35500,Paid,35500,"Compressor 18,000btu R22(1 Pc@15,500k),plus 2 cylinders for R22(20k)",1,1,DNote,Parcel,NULL,2022-11-11,2022-11-11,FRONTFREEZE SERVICES LTD,1,0,35500,1
138,2022-06-30,2022-07-31,supplier,8,NULL,485,0,0,0,12500,0,12500,0,0,0,0,12500,Paid,12500,"Copper pipe 1/2(1 Roll)8,000@,Copper pipe 1/4(1 Roll)@3,500,1 Map gas@,1000",1,1,DNote,1254,NULL,2022-11-11,2022-11-11,FRONTFREEZE SERVICES LTD,1,0,12500,1
139,2022-07-01,2022-08-01,supplier,8,NULL,538,0,0,0,3000,0,3000,0,0,0,0,3000,Paid,3000,Outdoor fan motor 1 pc@3000,1,1,DNote,1255,NULL,2022-11-11,2022-11-11,FRONTFREEZE SERVICES LTD,1,0,3000,1
140,2022-07-01,2022-08-01,supplier,8,NULL,554,0,0,0,70200,0,70200,0,0,0,0,70200,Paid,70200,"PCb card 1 pc@2,200,avs 30 single phase 3 pcs@9000,32 amps Contactor 1pc@4,500,Capacitor 45uf 1 pc@1,500,R410 gas 1 pc@13k,comp 36,000btu R410 scroll single phase@40,000,",1,1,DNote,1261,NULL,2022-11-11,2022-11-11,FRONTFREEZE SERVICES LTD,1,0,70200,1
141,2022-07-04,2022-08-04,supplier,8,NULL,552,0,0,0,48040,0,48040,0,0,0,0,48040,Paid,48040,"5/8 copper pipe(3 rolls)@28000,3/8 copper pipe(3 rolls)@13,500,Amoflex 5/8(12pcs)@1920,Amoflex 3/8(12 pcs)@1320,Avs 30 1 pc@3000,25Amps Dp switch@300,",1,1,DNote,1270,NULL,2022-11-11,2022-11-11,FRONTFREEZE SERVICES LTD,1,0,48040,1
142,2022-07-04,2022-08-04,supplier,8,NULL,NULL,0,0,0,20000,0,20000,0,0,0,0,20000,Paid,20000,"R22 gas 2 cylinders@20,000",1,1,DNote,1271,NULL,2022-11-11,2022-11-11,FRONTFREEZE SERVICES LTD,1,0,20000,1
143,2022-07-06,2022-08-06,supplier,8,NULL,557,0,0,0,19000,0,19000,0,0,0,0,19000,Paid,19000,"R410 1 cylinder@13,000 capacitor 50uf@1,500,Contactor 32Amps@4,500",1,1,DNote,1274,NULL,2022-11-11,2022-11-11,FRONTFREEZE SERVICES LTD,1,0,19000,1
144,2022-07-07,2022-08-07,supplier,8,NULL,558,0,0,0,9000,0,9000,0,0,0,0,9000,Paid,9000,"Fan motor with blade@4,500,Contactor 32Amps@4,500",1,1,DNote,1277,NULL,2022-11-11,2022-11-11,FRONTFREEZE SERVICES LTD,1,0,9000,1
145,2022-07-07,2022-08-07,supplier,8,NULL,NULL,0,0,0,39000,0,39000,0,0,0,0,39000,Paid,39000,"3 R410 Cylinders@39,000",1,1,DNote,1279,NULL,2022-11-11,2022-11-11,FRONTFREEZE SERVICES LTD,1,0,39000,1
146,2022-07-13,2022-08-13,supplier,8,NULL,NULL,0,0,0,33500,0,33500,0,0,0,0,33500,Paid,33500,"Comp 24,000btu R410a 1pc@22,000(Pi 1422),Fan dx100 xpelair@11,500(Green span Pi 1423)",1,1,DNote,1308,NULL,2022-11-11,2022-11-11,FRONTFREEZE SERVICES LTD,1,0,33500,1
147,2022-07-13,2022-08-13,supplier,8,NULL,570,0,0,0,54000,0,54000,0,0,0,0,54000,Paid,54000,"6mm 5 core cable(50 mtrs)@45,000,Contactor 60Amps@5,500,Isolator 3 phase@3,500",1,1,DNote,1310,NULL,2022-11-11,2022-11-11,FRONTFREEZE SERVICES LTD,1,0,54000,1
148,2022-07-16,2022-08-16,supplier,8,NULL,NULL,0,0,0,81800,0,81800,0,0,0,0,81800,Paid,81800,"250mm s&p inline fan 3 pcs@81,000,1 conta glue 1 liter@800",1,1,DNote,1318,NULL,2022-11-11,2022-11-11,FRONTFREEZE SERVICES LTD,1,0,81800,1
149,2022-07-19,2022-08-19,supplier,8,NULL,NULL,0,0,0,500000,0,500000,0,0,0,0,500000,pmt,500000,Payment via Equity bank ref:76943996,1,1,Equity Bank,76943996,NULL,2022-11-11,2022-11-11,FRONTFREEZE SERVICES LTD,1,0,500000,1
150,2022-07-19,2022-08-19,supplier,8,NULL,537,0,0,0,22150,0,22150,0,0,0,0,22150,Paid,22150,"ttpro 150mm inline fun 2 pcs@26,000,Canvas 3 mtrs@4,500,Conta glue ya 1/2ltr@500,R407 gas 1 cylinder@13,000,(Qtn 1471)Aluminium tape 1 pc@300",1,1,DNote,1326,NULL,2022-11-11,2022-11-11,FRONTFREEZE SERVICES LTD,1,0,22150,1
151,2022-07-19,2022-08-19,supplier,8,NULL,593,0,0,0,22150,0,22150,0,0,0,0,22150,Paid,22150,"ttpro 150mm inline fun 2 pcs@26,000,Canvas 3 mtrs@4,500,Conta glue ya 1/2ltr@500,R407 gas 1 cylinder@13,000,(Qtn 1471)Aluminium tape 1 pc@300",1,1,DNote,1326,NULL,2022-11-11,2022-11-11,FRONTFREEZE SERVICES LTD,1,0,22150,1
152,2022-07-22,2022-08-22,supplier,8,NULL,NULL,0,0,0,1500,0,1500,0,0,0,0,1500,Paid,1500,"Copper rods 1pkt@,1,500",1,1,DNote,1339,NULL,2022-11-11,2022-11-11,FRONTFREEZE SERVICES LTD,1,0,1500,1
153,2022-07-23,2022-08-23,supplier,8,NULL,593,0,0,0,3200,0,3200,0,0,0,0,3200,Paid,3200,Indoor fan motor@3000,1,1,DNote,1341,NULL,2022-11-11,2022-11-11,FRONTFREEZE SERVICES LTD,1,0,3200,1
154,2022-07-23,2022-08-23,supplier,8,NULL,601,0,0,0,53000,0,53000,0,0,0,0,53000,Paid,53000,"Compressor 24,000btu r410@22,000,R410 gas 2cylinder@26,000,Contactor 32Amps@4,500,Dp switch 1pc@500",1,1,DNote,1344,NULL,2022-11-11,2022-11-11,FRONTFREEZE SERVICES LTD,1,0,53000,1
155,2022-07-27,2022-08-27,supplier,8,NULL,605,0,0,0,12250,0,12250,0,0,0,0,12250,Paid,12250,"R22 gas 2 cylinders@20,000(Qtn 1454),contactor 32Amps@4,500(Qtn 1455)",1,1,DNote,1351,NULL,2022-11-11,2022-11-11,FRONTFREEZE SERVICES LTD,1,0,12250,1
156,2022-07-27,2022-08-27,supplier,8,NULL,601,0,0,0,12250,0,12250,0,0,0,0,12250,Paid,12250,"R22 gas 2 cylinders@20,000(Qtn 1454),contactor 32Amps@4,500(Qtn 1455)",1,1,DNote,1351,NULL,2022-11-11,2022-11-11,FRONTFREEZE SERVICES LTD,1,0,12250,1
157,2022-07-27,2022-08-27,supplier,8,NULL,603,0,0,0,12000,0,12000,0,0,0,0,12000,Paid,12000,"Avs 3 phase 1 pc@7,500,contactor 32Amps 3 phase@4,500",1,1,DNote,1355,NULL,2022-11-11,2022-11-11,FRONTFREEZE SERVICES LTD,1,0,12000,1
158,2022-07-28,2022-08-28,supplier,8,NULL,601,0,0,0,40000,0,40000,0,0,0,0,40000,Paid,40000,"Compressor 36,000btu r410 rotary single phase@40,000",1,1,DNote,1363,NULL,2022-11-11,2022-11-11,FRONTFREEZE SERVICES LTD,1,0,40000,1
159,2022-07-28,2022-08-28,supplier,8,NULL,528,0,0,0,13000,0,13000,0,0,0,0,13000,Paid,13000,"R410 gas 1 pc@13,000",1,1,DNote,1362,NULL,2022-11-11,2022-11-11,FRONTFREEZE SERVICES LTD,1,0,13000,1
160,2022-07-29,2022-08-29,supplier,8,NULL,611,0,0,0,3250,0,3250,0,0,0,0,3250,Paid,3250,"Avs 2 pcs@6000,Dp switch 1pc@500",1,1,DNote,1370,NULL,2022-11-11,2022-11-11,FRONTFREEZE SERVICES LTD,1,0,3250,1
161,2022-07-29,2022-08-29,supplier,8,NULL,610,0,0,0,3250,0,3250,0,0,0,0,3250,Paid,3250,"Avs 2 pcs@6000,Dp switch 1pc@500",1,1,DNote,1370,NULL,2022-11-11,2022-11-11,FRONTFREEZE SERVICES LTD,1,0,3250,1
162,2022-08-02,2022-09-02,supplier,8,NULL,619,0,0,0,26820,0,26820,0,0,0,0,26820,Paid,26820,"Contactor 32Amps4,500@Phase failure 3 phase@6,500,Copper pipe 3/4 1roll@12,000,Amafolex 3/4 8 Pcs@1440,Amoflex 3/8 8 pcs@880,Brazing rods 1pkt@1500",1,1,DNote,1383,NULL,2022-11-11,2022-11-11,FRONTFREEZE SERVICES LTD,1,0,26820,1
163,2022-08-04,2022-09-04,supplier,8,NULL,626,0,0,0,20000,0,20000,0,0,0,0,20000,Paid,20000,"Recovery unit machine@20,000",1,1,DNote,1391,NULL,2022-11-11,2022-11-11,FRONTFREEZE SERVICES LTD,1,0,20000,1
164,2022-08-06,2022-09-06,supplier,8,NULL,627,0,0,0,12000,0,12000,0,0,0,0,12000,Paid,12000,"R22 Gas@10,000,Universal pcb 1pc@2,000",1,1,DNote,1397,NULL,2022-11-11,2022-11-11,FRONTFREEZE SERVICES LTD,1,0,12000,1
165,2022-08-06,2022-09-06,supplier,8,NULL,629,0,0,0,2000,0,2000,0,0,0,0,2000,Paid,2000,"Universal pcb 1pc@2,000",1,1,DNote,1398,NULL,2022-11-11,2022-11-11,FRONTFREEZE SERVICES LTD,1,0,2000,1
166,2022-08-06,2022-09-06,supplier,8,NULL,628,0,0,0,24500,0,24500,0,0,0,0,24500,Paid,24500,"Compressor 24,000btu R22 gas@20,000,Contactor 32Amps@4,500",1,1,DNote,1399,NULL,2022-11-11,2022-11-11,FRONTFREEZE SERVICES LTD,1,0,24500,1
167,2022-08-23,2022-09-23,supplier,8,NULL,NULL,0,0,0,550000,0,550000,0,0,0,0,550000,pmt,550000,Payment via Equity bank ref:77035453,1,1,Equity Bank,77035453,NULL,2022-11-11,2022-11-11,FRONTFREEZE SERVICES LTD,1,0,550000,1
168,2022-08-23,2022-09-23,supplier,8,NULL,638,0,0,0,23600,0,23600,0,0,0,0,23600,Partly paid,6460,"Avs single phase@3000,circuit breaker 40Amps@3500,dp switch 30@500,Tngit glue 1/2 ltr@600,2.5mm 3 core cable 1 roll@16,000",1,1,DNote,1495,NULL,2022-11-11,2022-11-11,FRONTFREEZE SERVICES LTD,1,0,23600,1
169,2022-08-22,2022-09-22,supplier,8,NULL,637,0,0,0,6000,0,6000,0,0,0,0,6000,not paid,6000,"Contactor ya synider 32Amps@4,500,capacitor 45uf@1,500",1,1,DNote,1487,NULL,2022-11-11,2022-11-11,FRONTFREEZE SERVICES LTD,1,0,0,1
170,2022-08-29,2022-09-29,supplier,8,NULL,NULL,0,0,0,4500,0,4500,0,0,0,0,4500,not paid,4500,"contactor relay@,4,500",1,1,DNote,1417,NULL,2022-11-11,2022-11-11,FRONTFREEZE SERVICES LTD,1,0,0,1
171,2022-08-29,2022-09-29,supplier,8,NULL,647,0,0,0,24000,0,24000,0,0,0,0,24000,not paid,24000,"24,000btu r410 comp@22,000,universal pcb@2,000",1,1,DNote,1416,NULL,2022-11-11,2022-11-11,FRONTFREEZE SERVICES LTD,1,0,0,1
172,2022-08-31,2022-10-01,supplier,8,NULL,651,0,0,0,121800,0,121800,0,0,0,0,121800,not paid,121800,"1 and 1/8 copper pipe-1 length@11,000,7/8 copper pipe-1 length@7,500,phase failure 3phase@6,500,avs 3 phase 2 pcs@15,000,50Amps contactor@5,500,50amps isolator@3,500,4mm 5 core cable 1 roll@54,000,1 and 1/8 amouflex 3pcs@750,7/8 amouflex 3 pcs@600,1and 1/8 to 7/8 reducer@ 6002pcs,7/8 to 5/8 reducer 2pcs@500,7/8 elbows 2 pcs400,1and 1/8 elbows 2pcs@500,1.5mm 3core cable 1 roll@10,000,universal pcb 1 pc@2000,avs 30single phase@3000,partrice box 1pc@50,self tapping screws 1 pkt@,400",1,1,DNote,1426,NULL,2022-11-11,2022-11-11,FRONTFREEZE SERVICES LTD,1,0,0,1
173,2022-09-08,2022-10-09,supplier,8,NULL,635,0,0,0,12250,0,12250,0,0,0,0,12250,not paid,12250,"Canvas 2m@3000,1/4ltr conta glue@300,aluminium tape 3pcs@900,400 by 400mmlouver grill@5,300,3/16 still bits 4pcs@600,rivet 1 pkt@650,cutting disc 2 pcs@500,silicon grey 4 pcs@1,000",1,1,DNote,1441,NULL,2022-11-11,2022-11-11,FRONTFREEZE SERVICES LTD,1,0,0,1
174,2022-08-15,2022-09-15,supplier,8,NULL,NULL,0,0,0,10000,0,10000,0,0,0,0,10000,not paid,10000,R22 gas,1,1,DNote,1470,NULL,2022-11-11,2022-11-11,FRONTFREEZE SERVICES LTD,1,0,0,1
175,2022-09-12,2022-10-13,supplier,8,NULL,635,0,0,0,16700,0,16700,0,0,0,0,16700,not paid,16700,"Avs 30 single phase@3,000,diffuser grill 600 by 600mm with damper@2pcs12,600,insulating tape 1 pc@300,self tapping screws1 pkt@400,wall plugs 1 pkt@,400",1,1,DNote,1499,NULL,2022-11-11,2022-11-11,FRONTFREEZE SERVICES LTD,1,0,0,1
176,2022-09-14,2022-10-15,supplier,8,NULL,NULL,0,0,0,92000,0,92000,0,0,0,0,92000,not paid,92000,"R410 Cylinders gas Frio+ Gas 4 cyliders @52000, R22 Gas Frio+ 4 cylinders @ 40000",1,1,DNote,1503,NULL,2022-11-11,2022-11-11,FRONTFREEZE SERVICES LTD,1,0,0,1
177,2022-09-14,2022-10-15,supplier,8,NULL,NULL,0,0,0,11000,0,11000,0,0,0,0,11000,not paid,11000,Mini Orange AC Condensate pump,1,1,DNote,1450,NULL,2022-11-11,2022-11-11,FRONTFREEZE SERVICES LTD,1,0,0,1
178,2022-09-23,2022-10-24,supplier,8,NULL,681,0,0,0,13000,0,13000,0,0,0,0,13000,not paid,13000,R410 Gas @13000,1,1,DNote,1525,NULL,2022-11-11,2022-11-11,FRONTFREEZE SERVICES LTD,1,0,0,1
179,2022-09-24,2022-10-25,supplier,8,NULL,692,0,0,0,3000,0,3000,0,0,0,0,3000,not paid,3000,AVS 30 Single phase @ 3000,1,1,DNote,1527,NULL,2022-11-11,2022-11-11,FRONTFREEZE SERVICES LTD,1,0,0,1
180,2022-09-26,2022-10-27,supplier,8,NULL,679,0,0,0,67012,0,67012,0,0,0,0,67012,not paid,67012,"2 Compressor 18000 btu/hr R410A @17000, 2 AVS 30 @3000, 4 Brazing Rods @53, 2 R410A, Capacitor 45 UF",1,1,DNote,NULL,NULL,2022-11-11,2022-11-11,FRONTFREEZE SERVICES LTD,1,0,0,1
181,2022-09-26,2022-10-27,supplier,8,NULL,694,0,0,0,3000,0,3000,0,0,0,0,3000,not paid,3000,AVS 30 Single Phase @3000 ,1,1,DNote,1545,NULL,2022-11-11,2022-11-11,FRONTFREEZE SERVICES LTD,1,0,0,1
182,2022-09-27,2022-10-28,supplier,8,NULL,694,0,0,0,26000,0,26000,0,0,0,0,26000,not paid,26000,2-R410 Gas @ 13000,1,1,DNote,1550,NULL,2022-11-11,2022-11-11,FRONTFREEZE SERVICES LTD,1,0,0,1
183,2022-09-28,2022-10-29,supplier,8,NULL,710,0,0,0,34500,0,34500,0,0,0,0,34500,not paid,34500,"R410 gas @13000,28 Brazing Rods@1500, AVS 30 @3000, Compressor 18000Btu/hr R410A @17000",1,1,DNote,1537,NULL,2022-11-11,2022-11-11,FRONTFREEZE SERVICES LTD,1,0,0,1
184,2022-09-29,2022-10-30,supplier,8,NULL,714,0,0,0,2100,0,2100,0,0,0,0,2100,not paid,2100,"Universal pcb 1pc@2,100",1,1,DNote,1546,NULL,2022-11-11,2022-11-11,FRONTFREEZE SERVICES LTD,1,0,0,1
185,2022-09-30,2022-10-31,supplier,8,NULL,679,0,0,0,1000,0,1000,0,0,0,0,1000,not paid,1000,Map Gas @1000,1,1,DNote,1547,NULL,2022-11-11,2022-11-11,FRONTFREEZE SERVICES LTD,1,0,0,1
186,2022-09-30,2022-10-31,supplier,8,NULL,715,0,0,0,2500,0,2500,0,0,0,0,2500,not paid,2500,Samsung Remote Contrrol @2500,1,1,DNote,1553,NULL,2022-11-11,2022-11-11,FRONTFREEZE SERVICES LTD,1,0,0,1
187,2022-09-30,2022-10-31,supplier,8,NULL,NULL,0,0,0,26000,0,26000,0,0,0,0,26000,not paid,26000,2 R410A @13000,1,1,DNote,1548,NULL,2022-11-11,2022-11-11,FRONTFREEZE SERVICES LTD,1,0,0,1
188,2022-09-30,2022-10-31,supplier,8,NULL,701,0,0,0,20000,0,20000,0,0,0,0,20000,not paid,20000,Compressor 24000 btu/hr R22 Gas@ 20000,1,1,DNote,1551,NULL,2022-11-11,2022-11-11,FRONTFREEZE SERVICES LTD,1,0,0,1
189,2022-09-30,2022-10-31,supplier,8,NULL,710,0,0,0,16000,0,16000,0,0,0,0,16000,not paid,16000,"Compressor 12000 btu/hr R22 @15000, Capacitor 45UF @1000",1,1,DNote,1552,NULL,2022-11-11,2022-11-11,FRONTFREEZE SERVICES LTD,1,0,0,1
190,2022-10-03,2022-11-03,supplier,8,NULL,701,0,0,0,7000,0,7000,0,0,0,0,7000,not paid,7000,2 Contactor D25 @3500,1,1,DNote,44837,NULL,2022-11-11,2022-11-11,FRONTFREEZE SERVICES LTD,1,0,0,1
191,2022-10-03,2022-11-03,supplier,8,NULL,706,0,0,0,14750,0,14750,0,0,0,0,14750,not paid,14750,"15m Copper pipes 1/2 per meter @8000, 15m Copper Pipes 1/4 per meter @4000, MCB 30A @2500, Cable ties @250",1,1,DNote,NULL,NULL,2022-11-11,2022-11-11,FRONTFREEZE SERVICES LTD,1,0,0,1
192,2022-10-03,2022-11-03,supplier,8,NULL,720,0,0,0,4000,0,4000,0,0,0,0,4000,not paid,4000,2 Circuit Breaker; Rated 20A@ 2000,1,1,DNote,NULL,NULL,2022-11-11,2022-11-11,FRONTFREEZE SERVICES LTD,1,0,0,1
193,2022-10-03,2022-11-03,supplier,8,NULL,730,0,0,0,2100,0,2100,0,0,0,0,2100,not paid,2100,Universal Remote KT-109 @ 2100,1,1,DNote,NULL,NULL,2022-11-11,2022-11-11,FRONTFREEZE SERVICES LTD,1,0,0,1
194,2022-10-04,2022-11-04,supplier,8,NULL,NULL,0,0,0,2800,0,2800,0,0,0,0,2800,not paid,2800,5l Conta Glue @560,1,1,DNote,2001,NULL,2022-11-11,2022-11-11,FRONTFREEZE SERVICES LTD,1,0,0,1
195,2022-10-04,2022-11-04,supplier,8,NULL,710,0,0,0,1000,0,1000,0,0,0,0,1000,not paid,1000,Map gas@1000,1,1,DNote,NULL,NULL,2022-11-11,2022-11-11,FRONTFREEZE SERVICES LTD,1,0,0,1
196,2022-10-04,2022-11-04,supplier,8,NULL,719,0,0,0,9600,0,9600,0,0,0,0,9600,not paid,9600,"50A Contactor@ 7300, Overload (for Contactor)@2300",1,1,DNote,2004,NULL,2022-11-11,2022-11-11,FRONTFREEZE SERVICES LTD,1,0,0,1
197,2022-10-04,2022-11-04,supplier,8,NULL,651,0,0,0,2000,0,2000,0,0,0,0,2000,not paid,2000,Universal PCB@ 2000,1,1,DNote,2009,NULL,2022-11-11,2022-11-11,FRONTFREEZE SERVICES LTD,1,0,0,1
198,2022-10-01,2022-11-01,supplier,8,NULL,718,0,0,0,11000,0,11000,0,0,0,0,11000,not paid,11000,Condensate pump mini Aspen@ 11000,1,1,DNote,1551,NULL,2022-11-11,2022-11-11,FRONTFREEZE SERVICES LTD,1,0,0,1
199,2022-10-05,2022-11-05,supplier,8,NULL,705,0,0,0,37500,0,37500,0,0,0,0,37500,not paid,37500,"Compressor 24000 btu/hr R407C Gas@ 20000, R407 gas@13000, Contactor 32 Amps Single Phase @4500",1,1,DNote,1552,NULL,2022-11-11,2022-11-11,FRONTFREEZE SERVICES LTD,1,0,0,1
200,2022-10-05,2022-11-05,supplier,8,NULL,742,0,0,0,13000,0,13000,0,0,0,0,13000,not paid,13000,"DP Switch 30A @500, Mounting Brackets @ 1500, Condensate pump ceiling cassette @11000",1,1,DNote,1553,NULL,2022-11-11,2022-11-11,FRONTFREEZE SERVICES LTD,1,0,0,1
201,2022-10-05,2022-11-05,supplier,8,NULL,744,0,0,0,26000,0,26000,0,0,0,0,26000,not paid,26000,2-R410 gas @13000,1,1,DNote,NULL,NULL,2022-11-11,2022-11-11,FRONTFREEZE SERVICES LTD,1,0,0,1
202,2022-10-05,2022-11-05,supplier,8,NULL,745,0,0,0,13000,0,13000,0,0,0,0,13000,not paid,13000,R 410 gas@13k,1,1,DNote,NULL,NULL,2022-11-11,2022-11-11,FRONTFREEZE SERVICES LTD,1,0,0,1
203,2022-10-05,2022-11-05,supplier,8,NULL,NULL,0,0,0,11000,0,11000,0,0,0,0,11000,not paid,11000,Condensate pump ceiling cassette @11000,1,1,DNote,NULL,NULL,2022-11-11,2022-11-11,FRONTFREEZE SERVICES LTD,1,0,0,1
204,2022-10-07,2022-11-07,supplier,8,NULL,NULL,0,0,0,89000,0,89000,0,0,0,0,89000,not paid,89000,"3- R410A Gas@13000, 5- R22 Gas @10000 ",1,1,DNote,1559,NULL,2022-11-11,2022-11-11,FRONTFREEZE SERVICES LTD,1,0,0,1
205,2022-10-07,2022-11-07,supplier,8,NULL,709,0,0,0,26000,0,26000,0,0,0,0,26000,not paid,26000,2- R410 Gas @13000,1,1,DNote,NULL,NULL,2022-11-11,2022-11-11,FRONTFREEZE SERVICES LTD,1,0,0,1
206,2022-10-07,2022-11-07,supplier,8,NULL,747,0,0,0,13000,0,13000,0,0,0,0,13000,not paid,13000,R410 Gas @13000,1,1,DNote,NULL,NULL,2022-11-11,2022-11-11,FRONTFREEZE SERVICES LTD,1,0,0,1
207,2022-10-11,2022-11-11,supplier,8,NULL,666,0,0,0,13500,0,13500,0,0,0,0,13500,not paid,13500,3 Insulated flexible duct 8 inch diameter@4500,1,1,DNote,NULL,NULL,2022-11-11,2022-11-11,FRONTFREEZE SERVICES LTD,1,0,0,1
208,2022-10-13,2022-11-13,supplier,8,NULL,NULL,0,0,0,350000,0,350000,0,0,0,0,350000,pmt,350000,Payment via Equity bank ref:77172527,1,1,Equity Bank,77172527,NULL,2022-11-11,2022-11-11,FRONTFREEZE SERVICES LTD,1,0,350000,1
209,2022-10-13,2022-11-13,supplier,8,NULL,711,0,0,0,5500,0,5500,0,0,0,0,5500,not paid,5500,"Universal PCB@ 2000, Contactor Single Phase 30A@3500",1,1,DNote,NULL,NULL,2022-11-11,2022-11-11,FRONTFREEZE SERVICES LTD,1,0,0,1
210,2022-10-14,2022-11-14,supplier,8,NULL,NULL,0,0,0,13000,0,13000,0,0,0,0,13000,not paid,13000,R407A Gas @ 13000,1,1,DNote,NULL,NULL,2022-11-11,2022-11-11,FRONTFREEZE SERVICES LTD,1,0,0,1
211,2022-10-14,2022-11-14,supplier,8,NULL,705,0,0,0,7500,0,7500,0,0,0,0,7500,not paid,7500,Outdoor fan motor 1 pc@7500,1,1,DNote,1581,NULL,2022-11-11,2022-11-11,FRONTFREEZE SERVICES LTD,1,0,0,1
212,2022-10-14,2022-11-14,supplier,8,NULL,NULL,0,0,0,23250,0,23250,0,0,0,0,23250,not paid,23250,"50 Rawl Bolts @ 35, 10 Universal PCB @2000, Brazing rods@ 1500",1,1,DNote,1583,NULL,2022-11-11,2022-11-11,FRONTFREEZE SERVICES LTD,1,0,0,1
213,2022-10-14,2022-11-14,supplier,8,NULL,754,0,0,0,27500,0,27500,0,0,0,0,27500,not paid,27500,"Circuit Breaker; Rated 30A@ 2000,Dp Switch 30A @ 1500,2 Copper pipes 1/2@8000, 2 Copper pipes 1/4 @4000",1,1,DNote,1582,NULL,2022-11-11,2022-11-11,FRONTFREEZE SERVICES LTD,1,0,0,1
214,2022-10-17,2022-11-17,supplier,8,NULL,709,0,0,0,39000,0,39000,0,0,0,0,39000,not paid,39000,3 R410a @ 13000,1,1,DNote,NULL,NULL,2022-11-11,2022-11-11,FRONTFREEZE SERVICES LTD,1,0,0,1
215,2022-10-17,2022-11-17,supplier,8,NULL,NULL,0,0,0,13000,0,13000,0,0,0,0,13000,not paid,13000,R410a @ 13000,1,1,DNote,NULL,NULL,2022-11-11,2022-11-11,FRONTFREEZE SERVICES LTD,1,0,0,1
216,2022-10-19,2022-11-19,supplier,8,NULL,757,0,0,0,44000,0,44000,0,0,0,0,44000,not paid,44000,"2 Copper pipes 1/2@8000, 2 Copper pipes 1/4@4000, Circuit breaker 30A@2000, 90m Cable-3 Core Flex 2.5 mm@200",1,1,DNote,NULL,NULL,2022-11-11,2022-11-11,FRONTFREEZE SERVICES LTD,1,0,0,1
217,2022-10-19,2022-11-19,supplier,8,NULL,761,0,0,0,26800,0,26800,0,0,0,0,26800,not paid,26800,"R410a @ 13000, Brazing rods @1500, Outdoor fan Motor@ 6300, Propeller blade outdoor@ 3000, Universal PCB @2000, Capacitor@ 1000",1,1,DNote,NULL,NULL,2022-11-11,2022-11-11,FRONTFREEZE SERVICES LTD,1,0,0,1
218,2022-10-21,2022-11-21,supplier,8,NULL,660,0,0,0,4500,0,4500,0,0,0,0,4500,not paid,4500,Contactor 32 Amps Single phase @4500,1,1,DNote,NULL,NULL,2022-11-11,2022-11-11,FRONTFREEZE SERVICES LTD,1,0,0,1
219,2022-10-22,2022-11-22,supplier,8,NULL,769,0,0,0,7300,0,7300,0,0,0,0,7300,not paid,7300,Isolator @7300,1,1,DNote,NULL,NULL,2022-11-11,2022-11-11,FRONTFREEZE SERVICES LTD,1,0,0,1
220,2022-10-24,2022-11-24,supplier,8,NULL,757,0,0,0,3000,0,3000,0,0,0,0,3000,not paid,3000,AVS 30@3000,1,1,DNote,NULL,NULL,2022-11-11,2022-11-11,FRONTFREEZE SERVICES LTD,1,0,0,1
221,2022-10-24,2022-11-24,supplier,8,NULL,748,0,0,0,2250,0,2250,0,0,0,0,2250,not paid,2250,"3Vinyl Tape@ 250, Brazing rods @1500",1,1,DNote,1602,NULL,2022-11-11,2022-11-11,FRONTFREEZE SERVICES LTD,1,0,0,1
222,2022-10-25,2022-11-25,supplier,8,NULL,NULL,0,0,0,2000,0,2000,0,0,0,0,2000,not paid,2000,2 Map gas@2000,1,1,DNote,NULL,NULL,2022-11-11,2022-11-11,FRONTFREEZE SERVICES LTD,1,0,0,1
223,2022-10-25,2022-11-25,supplier,8,NULL,770,0,0,0,30000,0,30000,0,0,0,0,30000,not paid,30000,"Compressor 18000 btu/hr R410A @17000, R410 Gas @13000",1,1,DNote,NULL,NULL,2022-11-11,2022-11-11,FRONTFREEZE SERVICES LTD,1,0,0,1
224,2022-10-25,2022-11-25,supplier,8,NULL,NULL,0,0,0,35000,0,35000,0,0,0,0,35000,not paid,35000,"Compressor 24000 BTU/HR R410a @22000, R410A @13000",1,1,DNote,NULL,NULL,2022-11-11,2022-11-11,FRONTFREEZE SERVICES LTD,1,0,0,1
225,2022-10-27,2022-11-27,supplier,8,NULL,347,0,0,0,98000,0,98000,0,0,0,0,98000,not paid,98000,"Compressor 24000 BTU/HR R410a @22000, R410A @13000, 3 R407 gas @ 13000, Compressor 24000 btu/hr R407 @20000, Universal PCB @2000, 2 Capacitor 45 UF @ 1000",1,1,DNote,NULL,NULL,2022-11-11,2022-11-11,FRONTFREEZE SERVICES LTD,1,0,0,1
226,2022-10-27,2022-11-27,supplier,8,NULL,769,0,0,0,13000,0,13000,0,0,0,0,13000,not paid,13000,R407A Gas @ 13000,1,1,DNote,NULL,NULL,2022-11-11,2022-11-11,FRONTFREEZE SERVICES LTD,1,0,0,1
227,2022-10-27,2022-11-27,supplier,8,NULL,777,0,0,0,17000,0,17000,0,0,0,0,17000,not paid,17000,"63A Contactor @7500, 50A Phase Failure @ 9500",1,1,DNote,1618,NULL,2022-11-11,2022-11-11,FRONTFREEZE SERVICES LTD,1,0,0,1
228,2022-10-28,2022-10-28,supplier,8,NULL,779,0,0,0,10000,0,10000,0,0,0,0,10000,not paid,10000,R22 Gas @10000,1,1,DNote,Purchase Order,NULL,2022-11-11,2022-11-11,FRONTFREEZE SERVICES LTD,1,0,0,1
229,2022-10-28,2022-10-28,supplier,8,NULL,NULL,0,0,0,16500,0,16500,0,0,0,0,16500,not paid,16500,"Compressor 12000 btu/hr R22 @15000, Capacitor 45UF @1000, Mounting brackets@ 1500 ",1,1,DNote,NULL,NULL,2022-11-11,2022-11-11,FRONTFREEZE SERVICES LTD,1,0,0,1
230,2022-10-29,2022-10-29,supplier,8,NULL,NULL,0,0,0,13000,0,13000,0,0,0,0,13000,not paid,13000,R410 Gas@ 13000,1,1,DNote,NULL,NULL,2022-11-11,2022-11-11,FRONTFREEZE SERVICES LTD,1,0,0,1
231,2022-10-29,2022-10-29,supplier,8,NULL,NULL,0,0,0,2500,0,2500,0,0,0,0,2500,not paid,2500,Filter drier (36k),1,1,DNote,NULL,NULL,2022-11-11,2022-11-11,FRONTFREEZE SERVICES LTD,1,0,0,1
