id,date,due_date,supplier_type,supplier_id,supplier_taxid,project_id,stock_subttl,stock_tax,stock_grandttl,expense_subttl,expense_tax,expense_grandttl,asset_subttl,asset_tax,asset_grandttl,grandtax,grandttl,status,paidttl,note,ins,user_id,doc_ref_type,doc_ref,po_id,created_at,updated_at,suppliername,tid,tax,amountpaid,is_tax_exc
1,2022-01-28,2022-02-28,supplier,7,NULL,117,0,0,0,516050,0,516050,0,0,0,0,516050,Paid,516050,Balance b/f,1,1,Invoice,789,1,2022-11-11,2022-11-11,Sahara Cooling Systems Ltd,1,"0
",516050,1
2,2022-02-01,2022-03-04,supplier,7,NULL,87,0,0,0,12000,0,12000,0,0,0,0,12000,Paid,12000,R410 gas frio @12000,1,1,Invoice,790,1,2022-11-11,2022-11-11,Sahara Cooling Systems Ltd,1,"0
",12000,1
3,2022-02-01,2022-03-04,supplier,7,NULL,99,0,0,0,9000,0,9000,0,0,0,0,9000,Paid,9000,R 22 Gas frio@9000,1,1,Invoice,791,1,2022-11-11,2022-11-11,Sahara Cooling Systems Ltd,1,"0
",9000,1
4,2022-02-03,2022-03-06,supplier,7,NULL,NULL,0,0,0,16000,0,16000,0,0,0,0,16000,Paid,16000,Ceiling cassette pump(Toshiba),1,1,Invoice,792,1,2022-11-11,2022-11-11,Sahara Cooling Systems Ltd,1,"0
",16000,1
5,2022-02-04,2022-03-07,supplier,7,NULL,23,0,0,0,36000,0,36000,0,0,0,0,36000,Paid,36000,"R410 gas frio@12,000,outdoor 18,000btu@20,000 ,comp 24,000 btu compressor R22@20,000",1,1,Invoice,NULL,1,2022-11-11,2022-11-11,Sahara Cooling Systems Ltd,1,"0
",36000,1
6,2022-02-04,2022-03-07,supplier,7,NULL,173,0,0,0,36000,0,36000,0,0,0,0,36000,Paid,36000,"R410 gas frio@12,000,outdoor 18,000btu@20,000 ,comp 24,000 btu compressor R22@20,000",1,1,Invoice,NULL,1,2022-11-11,2022-11-11,Sahara Cooling Systems Ltd,1,"0
",36000,1
7,2022-02-04,2022-03-07,supplier,7,NULL,181,0,0,0,6000,0,6000,0,0,0,0,6000,Paid,6000,Motor fun indoor@6000,1,1,Invoice,793,1,2022-11-11,2022-11-11,Sahara Cooling Systems Ltd,1,"0
",6000,1
8,2022-02-04,2022-03-07,supplier,7,NULL,177,0,0,0,6500,0,6500,0,0,0,0,6500,Paid,6500,"Ako double probe@6,500",1,1,Invoice,794,1,2022-11-11,2022-11-11,Sahara Cooling Systems Ltd,1,"0
",6500,1
9,2022-02-10,2022-03-13,supplier,7,NULL,104,0,0,0,22000,0,22000,0,0,0,0,22000,Paid,22000,"24,000 btu comp R410a@22,000",1,1,Invoice,NULL,1,2022-11-11,2022-11-11,Sahara Cooling Systems Ltd,1,"0
",22000,1
10,2022-02-10,2022-03-13,supplier,7,NULL,174,0,0,0,19900,0,19900,0,0,0,0,19900,Paid,19900,"2 map gas@2400,universal pcb@2000 1 pc,r410 gas@12,000,brazing torch@3500",1,1,Invoice,795,1,2022-11-11,2022-11-11,Sahara Cooling Systems Ltd,1,"0
",19900,1
11,2022-02-18,2022-03-21,supplier,7,NULL,138,0,0,0,1700,0,1700,0,0,0,0,1700,Paid,1700,Map gas@1200 and Dp Switch(45amps)@500,1,1,Invoice,797,1,2022-11-11,2022-11-11,Sahara Cooling Systems Ltd,1,"0
",1700,1
12,2022-02-18,2022-03-21,supplier,7,NULL,138,0,0,0,9500,0,9500,0,0,0,0,9500,Paid,9500,R410 maxron,1,1,Invoice,798,1,2022-11-11,2022-11-11,Sahara Cooling Systems Ltd,1,"0
",9500,1
13,2022-02-19,2022-03-22,supplier,7,NULL,NULL,0,0,0,301000,0,301000,0,0,0,0,301000,pmt,301000,Payment via kcb bank ref:FT220505LZF0,1,1,bank statement,FT220505LZF0,1,2022-11-11,2022-11-11,Sahara Cooling Systems Ltd,1,"0
",301000,1
14,2022-02-18,2022-03-21,supplier,7,NULL,NULL,0,0,0,2600,0,2600,0,0,0,0,2600,Paid,2600,AVS 30@2500 10 PCS Selftapping screws@100 for 10 pcs,1,1,Invoice,800,1,2022-11-11,2022-11-11,Sahara Cooling Systems Ltd,1,"0
",2600,1
15,2022-02-19,2022-03-22,supplier,7,NULL,137,0,0,0,18000,0,18000,0,0,0,0,18000,Paid,18000,"Condensate pump 2 ltrs@13,000 wired remote toshiba@5000",1,1,Invoice,911,1,2022-11-11,2022-11-11,Sahara Cooling Systems Ltd,1,"0
",18000,1
16,2022-02-19,2022-03-22,supplier,7,NULL,81,0,0,0,51400,0,51400,0,0,0,0,51400,Paid,51400,"4 pcs of r410 gas@48,000,4 litre conta glu@2500,cable ties 1pkt@500,wrapping tape 2 pcs@400",1,1,Invoice,912,1,2022-11-11,2022-11-11,Sahara Cooling Systems Ltd,1,"0
",51400,1
17,2022-02-22,2022-03-25,supplier,7,NULL,146,0,0,0,33000,0,33000,0,0,0,0,33000,Paid,33000,"24,000btu compressor r22@20,000,r 22 gas@9000,map ga@1200,Avs 30 @2500,Brazing rods@300 for 3 pcs",1,1,Invoice,913,1,2022-11-11,2022-11-11,Sahara Cooling Systems Ltd,1,"0
",33000,1
18,2022-02-21,2022-03-24,supplier,7,NULL,81,0,0,0,3000,0,3000,0,0,0,0,3000,Paid,3000,Horse r 22 (Big horse)@3000 for 3 pcs,1,1,Invoice,914,1,2022-11-11,2022-11-11,Sahara Cooling Systems Ltd,1,"0
",3000,1
19,2022-02-23,2022-03-26,supplier,7,NULL,152,0,0,0,41000,0,41000,0,0,0,0,41000,Paid,41000,"24,000 btu compr22@20,000,r22 gas@9000 and r410 gas@12,000",1,1,Invoice,NULL,1,2022-11-11,2022-11-11,Sahara Cooling Systems Ltd,1,"0
",41000,1
20,2022-02-25,2022-03-28,supplier,7,NULL,NULL,0,0,0,200000,0,200000,0,0,0,0,200000,pmt,200000,Payment via Equity bank ref:S2499837,1,1,bank statement,S2499837,1,2022-11-11,2022-11-11,Sahara Cooling Systems Ltd,1,"0
",200000,1
21,2022-02-25,2022-03-28,supplier,7,NULL,NULL,0,0,0,1200,0,1200,0,0,0,0,1200,Paid,1200,Map gas,1,1,Invoice,NULL,1,2022-11-11,2022-11-11,Sahara Cooling Systems Ltd,1,"0
",1200,1
22,2022-02-26,2022-03-29,supplier,7,NULL,336,0,0,0,69000,0,69000,0,0,0,0,69000,Paid,69000,"36,000btu comp r410 3ph@40,000,outdoor 24,000btu, r410@20,000,Contactor 40amps@4,500,flexible wire 2.5 25mtrs@3750,dp switch 30Amps@500,circuit breaker 32Amp@250",1,1,Invoice,917,1,2022-11-11,2022-11-11,Sahara Cooling Systems Ltd,1,"0
",69000,1
23,2022-03-01,2022-04-01,supplier,7,NULL,179,0,0,0,36000,0,36000,0,0,0,0,36000,Paid,36000,"R410 gas frio 3 cylinder@36,000",1,1,Invoice,918,1,2022-11-11,2022-11-11,Sahara Cooling Systems Ltd,1,"0
",36000,1
24,2022-03-04,2022-04-04,supplier,7,NULL,199,0,0,0,9500,0,9500,0,0,0,0,9500,Paid,9500,"R 22 gas@9000, Brazing rods@500 for 5 pcs",1,1,Invoice,919,1,2022-11-11,2022-11-11,Sahara Cooling Systems Ltd,1,"0
",9500,1
25,2022-03-08,2022-04-08,supplier,7,NULL,199,0,0,0,12000,0,12000,0,0,0,0,12000,Paid,12000,"Frio gas r410 1 pc@12,000",1,1,Invoice,920,1,2022-11-11,2022-11-11,Sahara Cooling Systems Ltd,1,"0
",12000,1
26,2022-03-10,2022-04-10,supplier,7,NULL,193,0,0,0,9000,0,9000,0,0,0,0,9000,Paid,9000,"Frio gas r22 1 pc@9,000",1,1,Invoice,921,1,2022-11-11,2022-11-11,Sahara Cooling Systems Ltd,1,"0
",9000,1
27,2022-03-10,2022-04-10,supplier,7,NULL,NULL,0,0,0,4500,0,4500,0,0,0,0,4500,Paid,4500,"32A Contactor@ 4,500",1,1,Invoice,922,1,2022-11-11,2022-11-11,Sahara Cooling Systems Ltd,1,"0
",4500,1
28,2022-03-10,2022-04-10,supplier,7,NULL,188,0,0,0,32375,0,32375,0,0,0,0,32375,Paid,32375,"2.5 flex cable(40mtrs)@6,000,32A Circuit breaker@250 For single phase,D.P Switch 45A@500,Condensate drainage pump(Mini aspen)@11,000,1 ltr comdensate pump@12,000.copper pipe 1/2 (Marksel@16,000 for 2 rolls),Copper pipe 1/4(2 rolls@7000),R410 Gas@12,000",1,1,Invoice,923,1,2022-11-11,2022-11-11,Sahara Cooling Systems Ltd,1,"0
",32375,1
29,2022-03-10,2022-04-10,supplier,7,NULL,176,0,0,0,32375,0,32375,0,0,0,0,32375,Paid,32375,"2.5 flex cable(40mtrs)@6,000,32A Circuit breaker@250 For single phase,D.P Switch 45A@500,Condensate drainage pump(Mini aspen)@11,000,1 ltr comdensate pump@12,000.copper pipe 1/2 (Marksel@16,000 for 2 rolls),Copper pipe 1/4(2 rolls@7000),R410 Gas@12,000",1,1,Invoice,923,1,2022-11-11,2022-11-11,Sahara Cooling Systems Ltd,1,"0
",32375,1
30,2022-03-10,2022-04-10,supplier,7,NULL,NULL,0,0,0,3000,0,3000,0,0,0,0,3000,Paid,3000,Remote control for samsung@3000,1,1,Invoice,924,1,2022-11-11,2022-11-11,Sahara Cooling Systems Ltd,1,"0
",3000,1
31,2022-03-12,2022-04-12,supplier,7,NULL,307,0,0,0,86500,0,86500,0,0,0,0,86500,Paid,86500,"Frio r410 gas(2pcs @26,000),5 pcs 3 phase AVS(5Pcs@35,000),Contactor 45A(5Pcs@22,500),3 phase cicuit breaker 40A(1 PC @3,000)",1,1,Invoice,925,1,2022-11-11,2022-11-11,Sahara Cooling Systems Ltd,1,"0
",86500,1
32,2022-03-12,2022-04-12,supplier,7,NULL,NULL,0,0,0,10000,0,10000,0,0,0,0,10000,Paid,10000,"condensate mini pump@10,000",1,1,Invoice,926,1,2022-11-11,2022-11-11,Sahara Cooling Systems Ltd,1,"0
",10000,1
33,2022-03-14,2022-04-14,supplier,7,NULL,197,0,0,0,6500,0,6500,0,0,0,0,6500,Paid,6500,"1 ltr pump@10,Remote contol@3000",1,1,Invoice,927,1,2022-11-11,2022-11-11,Sahara Cooling Systems Ltd,1,"0
",6500,1
34,2022-03-14,2022-04-14,supplier,7,NULL,198,0,0,0,6500,0,6500,0,0,0,0,6500,Paid,6500,"1 ltr pump@10,Remote contol@3000",1,1,Invoice,927,1,2022-11-11,2022-11-11,Sahara Cooling Systems Ltd,1,"0
",6500,1
35,2022-03-15,2022-04-15,supplier,7,NULL,NULL,0,0,0,13000,0,13000,0,0,0,0,13000,Paid,13000,"R407 Gas@ 13,000",1,1,Invoice,928,1,2022-11-11,2022-11-11,Sahara Cooling Systems Ltd,1,"0
",13000,1
36,2022-03-15,2022-04-15,supplier,7,NULL,556,0,0,0,22200,0,22200,0,0,0,0,22200,Paid,22200,"R 22 Gas@9000, R410 gas@12,000,Map gas@1,200",1,1,Invoice,929,1,2022-11-11,2022-11-11,Sahara Cooling Systems Ltd,1,"0
",22200,1
37,2022-03-15,2022-04-15,supplier,7,NULL,NULL,0,0,0,92000,0,92000,0,0,0,0,92000,Paid,92000,"R22 gas@9000,Comp@ 80,000 Filter drier 3/8@3,000",1,1,Invoice,930,1,2022-11-11,2022-11-11,Sahara Cooling Systems Ltd,1,"0
",92000,1
38,2022-03-18,2022-04-18,supplier,7,NULL,NULL,0,0,0,12000,0,12000,0,0,0,0,12000,Paid,12000,"Ceiling cassete pump toshiba 12v @dc@12,000",1,1,Invoice,931,1,2022-11-11,2022-11-11,Sahara Cooling Systems Ltd,1,"0
",12000,1
39,2022-03-18,2022-04-18,supplier,7,NULL,189,0,0,0,53500,0,53500,0,0,0,0,53500,Paid,53500,"Frio r410@12000,2.5 Flexible wire(45 mtrs@6750,5/8 copper pipe(2 rolls@18000),3/8 copper pipe(2 rolls@9000),32 mcb@250,D.p switch 45A@500,Armoflex 3/8 25 pcs@3250,Armoflex 5/8 25 pcs@3750 ",1,1,Invoice,NULL,1,2022-11-11,2022-11-11,Sahara Cooling Systems Ltd,1,"0
",53500,1
40,2022-03-22,2022-04-22,supplier,7,NULL,156,0,0,0,22000,0,22000,0,0,0,0,22000,Paid,22000,"R22 gas@9,000,R410 gas@12,000,,Brazing rods@1000 for 10 pcs",1,1,Invoice,932,1,2022-11-11,2022-11-11,Sahara Cooling Systems Ltd,1,"0
",22000,1
41,2022-03-22,2022-04-22,supplier,7,NULL,307,0,0,0,13200,0,13200,0,0,0,0,13200,Paid,13200,"R410 gas@12,000,map gas@1200",1,1,Invoice,933,1,2022-11-11,2022-11-11,Sahara Cooling Systems Ltd,1,"0
",13200,1
42,2022-03-23,2022-04-23,supplier,7,NULL,329,0,0,0,13000,0,13000,0,0,0,0,13000,Paid,13000,"R22 Gas@9000,comp 12,000 btu rR22@14000",1,1,Invoice,934,1,2022-11-11,2022-11-11,Sahara Cooling Systems Ltd,1,"0
",13000,1
43,2022-03-24,2022-04-24,supplier,7,NULL,250,0,0,0,12000,0,12000,0,0,0,0,12000,Paid,12000,"1 Litre condensate pump highwall@12,000",1,1,Invoice,935,1,2022-11-11,2022-11-11,Sahara Cooling Systems Ltd,1,"0
",12000,1
44,2022-03-24,2022-04-24,supplier,7,NULL,216,0,0,0,47000,0,47000,0,0,0,0,47000,Paid,47000,"Comp 36,000 btu R410a,Rotary single phase@38,000,R22 gas@",1,1,Invoice,936,1,2022-11-11,2022-11-11,Sahara Cooling Systems Ltd,1,"0
",47000,1
45,2022-03-29,2022-04-29,supplier,7,NULL,NULL,0,0,0,80000,0,80000,0,0,0,0,80000,pmt,80000,Payment via kcb bank ref:FT220887Q82R,1,1,bank statement,FT220887Q82R,1,2022-11-11,2022-11-11,Sahara Cooling Systems Ltd,1,"0
",80000,1
46,2022-04-01,2022-05-02,supplier,7,NULL,NULL,0,0,0,430000,0,430000,0,0,0,0,430000,pmt,430000,Payment via kcb bank ref:FT22091XMLG2,1,1,bank statement,FT22091XMLG2,1,2022-11-11,2022-11-11,Sahara Cooling Systems Ltd,1,"0
",430000,1
47,2022-03-26,2022-04-26,supplier,7,NULL,NULL,0,0,0,12000,0,12000,0,0,0,0,12000,Paid,12000,"R410 gas 1 cylinder@12,000",1,1,Invoice,939,1,2022-11-11,2022-11-11,Sahara Cooling Systems Ltd,1,"0
",12000,1
48,2022-03-31,2022-05-01,supplier,7,NULL,NULL,0,0,0,9000,0,9000,0,0,0,0,9000,Paid,9000,R22 gas@9000,1,1,Invoice,940,1,2022-11-11,2022-11-11,Sahara Cooling Systems Ltd,1,"0
",9000,1
49,2022-04-01,2022-05-02,supplier,7,NULL,189,0,0,0,1350,0,1350,0,0,0,0,1350,Paid,1350,"silicon 3pcs@900,dp switch @500,Rods 1 pkt@they were to use 2 pcs(1,300)",1,1,Invoice,941,1,2022-11-11,2022-11-11,Sahara Cooling Systems Ltd,1,"0
",1350,1
50,2022-04-01,2022-05-02,supplier,7,NULL,260,0,0,0,1350,0,1350,0,0,0,0,1350,Paid,1350,"silicon 3pcs@900,dp switch @500,Rods 1 pkt@they were to use 2 pcs(1,300)",1,1,Invoice,941,1,2022-11-11,2022-11-11,Sahara Cooling Systems Ltd,1,"0
",1350,1
51,2022-04-02,2022-05-03,supplier,7,NULL,NULL,0,0,0,12000,0,12000,0,0,0,0,12000,Paid,12000,"Frio R410 gas@12,000",1,1,Invoice,942,1,2022-11-11,2022-11-11,Sahara Cooling Systems Ltd,1,"0
",12000,1
52,2022-04-04,2022-05-05,supplier,7,NULL,289,0,0,0,3100,0,3100,0,0,0,0,3100,Paid,3100,"3/8 Armoflex(10pcs)@1300,5/8 Armoflex(21 pcs)@1500,Cable ties(Medium size@300)",1,1,Invoice,943,1,2022-11-11,2022-11-11,Sahara Cooling Systems Ltd,1,"0
",3100,1
53,2022-04-04,2022-05-05,supplier,7,NULL,283,0,0,0,12500,0,12500,0,0,0,0,12500,Paid,12500,"Universal card ipdu@18000,Isolator 30 3 phase@3500",1,1,Invoice,944,1,2022-11-11,2022-11-11,Sahara Cooling Systems Ltd,1,"0
",12500,1
54,2022-04-07,2022-05-08,supplier,7,NULL,189,0,0,0,900,0,900,0,0,0,0,900,Paid,900,"3/4 Elbows 50 pcs@250 ,3/4 tee@50,tangit 1/4@300,cable ties(Medium size)@300",1,1,Invoice,945,1,2022-11-11,2022-11-11,Sahara Cooling Systems Ltd,1,"0
",900,1
55,2022-04-07,2022-05-08,supplier,7,NULL,295,0,0,0,34000,0,34000,0,0,0,0,34000,Paid,34000,"24,000 btu comp r410@22,000,R410 gas@24,000",1,1,Invoice,946,1,2022-11-11,2022-11-11,Sahara Cooling Systems Ltd,1,"0
",34000,1
56,2022-04-08,2022-05-09,supplier,7,NULL,296,0,0,0,63600,0,63600,0,0,0,0,63600,Paid,63600,"48,000 btu R22(Hematic 3phase@50,000,high speed 2 ltr pump@13,000,hose pipe(3 mtrs@600)",1,1,Purchase Order,NULL,1,2022-11-11,2022-11-11,Sahara Cooling Systems Ltd,1,"0
",63600,1
57,2022-04-11,2022-05-12,supplier,7,NULL,556,0,0,0,4500,0,4500,0,0,0,0,4500,Paid,4500,"Remote control for samsung(chingo)@4,500",1,1,Purchase Order,PO 190,1,2022-11-11,2022-11-11,Sahara Cooling Systems Ltd,1,"0
",4500,1
58,2022-04-12,2022-05-13,supplier,7,NULL,300,0,0,0,13900,0,13900,0,0,0,0,13900,Paid,13900,"Pump  2 ltr@13,000,Targit glue 1/4 ltr@300,Flexible pipe for drainage( 3 mtrs@600",1,1,Purchase Order,PO 198,1,2022-11-11,2022-11-11,Sahara Cooling Systems Ltd,1,"0
",13900,1
59,2022-04-18,2022-05-19,supplier,7,NULL,304,0,0,0,47000,0,47000,0,0,0,0,47000,Paid,47000,"out door Condensing uit r410 36,000btu@ 35,000 and 1 cylinder r410 gas@12,000",1,1,Purchase Order,PO 0201,1,2022-11-11,2022-11-11,Sahara Cooling Systems Ltd,1,"0
",47000,1
60,2022-04-20,2022-05-21,supplier,7,NULL,308,0,0,0,52100,0,52100,0,0,0,0,52100,Paid,52100,"Copper pipe 1/2(Marksal@8,000 1 roll,Copper pipe 5/8(Marksal@9,000 1 roll),Copper pipe 3/8(Marksal@4,500),3 Cylinders Of  R22 gas@27,000,Armoflex 1/2(5 pcs@500),Brazing rods 1 pkt@2,700,Wrapping tapes 2 pcs@400",1,1,Purchase Order,PO 206,1,2022-11-11,2022-11-11,Sahara Cooling Systems Ltd,1,"0
",52100,1
61,2022-04-26,2022-05-27,supplier,7,NULL,318,0,0,0,500,0,500,0,0,0,0,500,Paid,500,Threaded tape@500,1,1,Purchase Order,PO 212,1,2022-11-11,2022-11-11,Sahara Cooling Systems Ltd,1,"0
",500,1
62,2022-04-26,2022-05-27,supplier,7,NULL,322,0,0,0,100000,0,100000,0,0,0,0,100000,Paid,100000,"R22 gas 5 pcs@50,000,Compressor 48,000btu R22 hematic@50,000",1,1,Purchase Order,PO 214 ,1,2022-11-11,2022-11-11,Sahara Cooling Systems Ltd,1,"0
",100000,1
63,2022-04-27,2022-05-28,supplier,7,NULL,322,0,0,0,49500,0,49500,0,0,0,0,49500,Paid,49500,"R410 gas 4 cylinders@48,000,1 map gas@1200,2 pcs brazing rods@300",1,1,Purchase Order,PO 216,1,2022-11-11,2022-11-11,Sahara Cooling Systems Ltd,1,"0
",49500,1
64,2022-04-26,2022-05-27,supplier,7,NULL,324,0,0,0,25500,0,25500,0,0,0,0,25500,Paid,25500,"Copper pipe 5/8(Marksal@9,000 1 roll),3/8 copper pipe(Marksal@4,500),Armoflex 5/8 8pcs@1200,Threaded rods M8 2 mtrs 4 pcs@800,R22 gas 1 cylinder@10,000",1,1,Purchase Order, PO 224,1,2022-11-11,2022-11-11,Sahara Cooling Systems Ltd,1,"0
",25500,1
65,2022-04-26,2022-05-27,supplier,7,NULL,327,0,0,0,10500,0,10500,0,0,0,0,10500,Paid,10500,"3 phase phase failure@4500,3 Phase contactor 50A@6,000",1,1,Purchase Order,PO 228,1,2022-11-11,2022-11-11,Sahara Cooling Systems Ltd,1,"0
",10500,1
66,2022-04-28,2022-05-29,supplier,7,NULL,335,0,0,0,12000,0,12000,0,0,0,0,12000,Paid,12000,"R410 gas 1 cylinder@12,000",1,1,Purchase Order,PO 233,1,2022-11-11,2022-11-11,Sahara Cooling Systems Ltd,1,"0
",12000,1
67,2022-05-05,2022-06-05,supplier,7,NULL,343,0,0,0,17510,0,17510,0,0,0,0,17510,Paid,17510,"1 roll copper pipe 1/2(8000),1 roll copper pipe 1/4(3500),Flexible wire 2.5mm(15mtrs-2250),1/2 Armoflex(120) 8 pcs,D.P Switch 30Amps(500),Threaded rods(4 pcs@800),Mounting bracket 1 pair@1,500",1,1,Purchase Order,PO 238,1,2022-11-11,2022-11-11,Sahara Cooling Systems Ltd,1,"0
",17510,1
68,2022-05-04,2022-06-04,supplier,7,NULL,NULL,0,0,0,27250,0,27250,0,0,0,0,27250,Paid,27250,"1 roll copper pipe 5/8(9000),1 roll copper pipe 3/8(5500),R410 gas frio(12,000),Amorflex 5/8(750) 5 pcs",1,1,Purchase Order,PO 241,1,2022-11-11,2022-11-11,Sahara Cooling Systems Ltd,1,"0
",27250,1
69,2022-05-04,2022-06-04,supplier,7,NULL,301,0,0,0,1000,0,1000,0,0,0,0,1000,Paid,1000,2 Aluminium tapes@1000,1,1,Purchase Order,PO 242,1,2022-11-11,2022-11-11,Sahara Cooling Systems Ltd,1,"0
",1000,1
70,2022-05-07,2022-06-07,supplier,7,NULL,NULL,0,0,0,6800,0,6800,0,0,0,0,6800,Paid,6800,"1 roll copper pipe 3/8(5,500),3/8 Armoflex @,400(4 pcs)- 5/8 Armoflex@600(4 pcs),3 mtrs drainage pipe(@300)",1,1,Purchase Order,PO 243,1,2022-11-11,2022-11-11,Sahara Cooling Systems Ltd,1,"0
",6800,1
71,2022-05-12,2022-06-12,supplier,7,NULL,NULL,0,0,0,200000,0,200000,0,0,0,0,200000,pmt,200000,Payment via Equity bank ref:76746100,1,1,bank statement,76746100,1,2022-11-11,2022-11-11,Sahara Cooling Systems Ltd,1,"0
",200000,1
72,2022-05-12,2022-06-12,supplier,7,NULL,354,0,0,0,32000,0,32000,0,0,0,0,32000,Paid,32000,"18,000 btu Comp R22,@17,000 R22 gas 2 cylinders@20,000,D.P Switch@500 and contactor 45A@4,500",1,1,Purchase Order,PO 246,1,2022-11-11,2022-11-11,Sahara Cooling Systems Ltd,1,"0
",32000,1
73,2022-05-13,2022-06-13,supplier,7,NULL,356,0,0,0,20000,0,20000,0,0,0,0,20000,Paid,20000,"24,000Btu comp R22@20,000",1,1,Purchase Order,PO 248,1,2022-11-11,2022-11-11,Sahara Cooling Systems Ltd,1,"0
",20000,1
74,2022-05-25,2022-06-25,supplier,7,NULL,NULL,0,0,0,300000,0,300000,0,0,0,0,300000,pmt,300000,Payment via Equity bank ref:76784025,1,1,bank statement,76784025,1,2022-11-11,2022-11-11,Sahara Cooling Systems Ltd,1,"0
",300000,1
75,2022-05-16,2022-06-16,supplier,7,NULL,370,0,0,0,17000,0,17000,0,0,0,0,17000,Paid,17000,"18,000btu compR22@17000",1,1,Purchase Order,PO 250,1,2022-11-11,2022-11-11,Sahara Cooling Systems Ltd,1,"0
",17000,1
76,2022-05-17,2022-06-17,supplier,7,NULL,383,0,0,0,15000,0,15000,0,0,0,0,15000,Paid,15000,"12,000btu compR410@15000",1,1,Purchase Order,PO 251,1,2022-11-11,2022-11-11,Sahara Cooling Systems Ltd,1,"0
",15000,1
77,2022-05-28,2022-06-28,supplier,7,NULL,444,0,0,0,17000,0,17000,0,0,0,0,17000,Paid,17000,"18000btu compR22@17,000",1,1,Purchase Order,PO 257,1,2022-11-11,2022-11-11,Sahara Cooling Systems Ltd,1,"0
",17000,1
78,2022-05-31,2022-07-01,supplier,7,NULL,NULL,0,0,0,2000,0,2000,0,0,0,0,2000,Paid,2000,"Condenser cleaner@2,000",1,1,Purchase Order,PO 259,1,2022-11-11,2022-11-11,Sahara Cooling Systems Ltd,1,"0
",2000,1
79,2022-06-03,2022-07-04,supplier,7,NULL,470,0,0,0,107380,0,107380,0,0,0,0,107380,Paid,107380,"R410 compressor 24,000btu(3pcs)@66,000,R410 gas(3 cylinders)@36,000,Contactor 32amps@4,500,Brazing rods 11pcs@880",1,1,Purchase Order,PO 260,1,2022-11-11,2022-11-11,Sahara Cooling Systems Ltd,1,"0
",107380,1
80,2022-06-03,2022-07-04,supplier,7,NULL,471,0,0,0,107380,0,107380,0,0,0,0,107380,Paid,107380,"R410 compressor 24,000btu(3pcs)@66,000,R410 gas(3 cylinders)@36,000,Contactor 32amps@4,500,Brazing rods 11pcs@880",1,1,Purchase Order,PO 260,1,2022-11-11,2022-11-11,Sahara Cooling Systems Ltd,1,"0
",107380,1
81,2022-06-03,2022-07-04,supplier,7,NULL,NULL,0,0,0,30000,0,30000,0,0,0,0,30000,Paid,30000,"3 Cylinders of R22 Gas@30,000",1,1,Purchase Order,PO 261,1,2022-11-11,2022-11-11,Sahara Cooling Systems Ltd,1,"0
",30000,1
82,2022-06-06,2022-07-07,supplier,7,NULL,475,0,0,0,119000,0,119000,0,0,0,0,119000,Paid,119000,"Compressor 36,000btu R22 scroll single phase(2pcs)@80,000,25Amps contactor 2 pcs@9,000,R22 3 cylinders@30,000",1,1,Purchase Order,PO 264,1,2022-11-11,2022-11-11,Sahara Cooling Systems Ltd,1,"0
",119000,1
83,2022-06-07,2022-07-08,supplier,7,NULL,470,0,0,0,3000,0,3000,0,0,0,0,3000,Paid,3000,"2 Capacitors 45uf@3,000",1,1,Purchase Order,PO 266,1,2022-11-11,2022-11-11,Sahara Cooling Systems Ltd,1,"0
",3000,1
84,2022-06-07,2022-07-08,supplier,7,NULL,NULL,0,0,0,36000,0,36000,0,0,0,0,36000,Paid,36000,"3 Cylinders of R410 Gas@36,000",1,1,Purchase Order,PO 270,1,2022-11-11,2022-11-11,Sahara Cooling Systems Ltd,1,"0
",36000,1
85,2022-06-08,2022-07-09,supplier,7,NULL,475,0,0,0,4000,0,4000,0,0,0,0,4000,Paid,4000,"Outdoor  fan motor@4,000",1,1,Purchase Order,PO 271,1,2022-11-11,2022-11-11,Sahara Cooling Systems Ltd,1,"0
",4000,1
86,2022-06-21,2022-07-22,supplier,7,NULL,NULL,0,0,0,500000,0,500000,0,0,0,0,500000,pmt,500000,Payment via Equity bank ref:76863773,1,1,bank statement,76863773,1,2022-11-11,2022-11-11,Sahara Cooling Systems Ltd,1,"0
",500000,1
87,2022-06-16,2022-07-17,supplier,7,NULL,510,0,0,0,2000,0,2000,0,0,0,0,2000,Paid,2000,"Universal pcb board 1 pc@2,000",1,1,Purchase Order,PO 289,1,2022-11-11,2022-11-11,Sahara Cooling Systems Ltd,1,"0
",2000,1
88,2022-06-27,2022-07-28,supplier,7,NULL,NULL,0,0,0,100000,0,100000,0,0,0,0,100000,pmt,100000,Payment via Equity bank ref:76879718,1,1,bank statement,76879718,1,2022-11-11,2022-11-11,Sahara Cooling Systems Ltd,1,"0
",100000,1
89,2022-06-23,2022-07-24,supplier,7,NULL,523,0,0,0,22250,0,22250,0,0,0,0,22250,Paid,22250,"Contactor 3phase 1pc@2,500-(Qtn 1407),Phase faiure 3 phase 1 pc@4500-(Qtn 1407),Universal pcb@2,000(Qtn 1402),DP Switch 32Amps 5pcs@1500(1 for qtn 1402 and 4 for 1411),R410 gas@12000(Qtn 1411),Comp 24,000btu R410a@ 22,000(Qtn 1411)",1,1,Purchase Order,NULL,1,2022-11-11,2022-11-11,Sahara Cooling Systems Ltd,1,"0
",22250,1
90,2022-06-23,2022-07-24,supplier,7,NULL,524,0,0,0,22250,0,22250,0,0,0,0,22250,Paid,22250,"Contactor 3phase 1pc@2,500-(Qtn 1407),Phase faiure 3 phase 1 pc@4500-(Qtn 1407),Universal pcb@2,000(Qtn 1402),DP Switch 32Amps 5pcs@1500(1 for qtn 1402 and 4 for 1411),R410 gas@12000(Qtn 1411),Comp 24,000btu R410a@ 22,000(Qtn 1411)",1,1,Purchase Order,NULL,1,2022-11-11,2022-11-11,Sahara Cooling Systems Ltd,1,"0
",22250,1
91,2022-06-24,2022-07-25,supplier,7,NULL,NULL,0,0,0,115800,0,115800,0,0,0,0,115800,Paid,115800,"PCB Universal board 2 pcs@2,000-(Qtn 1327),Compressor R22 24,000btu 2 pcs@40,000(Qtn 1327),Avs 30 single phase 7 pcs@17,500(Qtn 1169 &Qtn 1326),D.p switch 25Amps@300-(Qtn 1169),Compressor 18,000btu R410@18,000-(Qtn 1304),R410 gas 3 cylinders@ 36,000(Qtn 1169 & Qtn 1304)",1,1,Purchase Order,NULL,1,2022-11-11,2022-11-11,Sahara Cooling Systems Ltd,1,"0
",115800,1
92,2022-06-30,2022-07-31,supplier,7,NULL,538,0,0,0,84000,0,84000,0,0,0,0,84000,Paid,84000,"R410 2 cylinders@24,000,Contactoe 25amps 2 pcs @5000,Avs 30 single phase 2pcs(Qtn 1424 & 1429),comp R410 36,000btu scroll 1pc@40,000,R22 gas 1 cylinder@10,000",1,1,Purchase Order,NULL,1,2022-11-11,2022-11-11,Sahara Cooling Systems Ltd,1,"0
",84000,1
93,2022-07-01,2022-08-01,supplier,7,NULL,566,0,0,0,81400,0,81400,0,0,0,0,81400,Paid,81400,"Comp R22 36,000btu scroll single phase@38,000,R22 gas 1 cylinder@10,000,30A avs single phase Avs@2,500,2.5mm 3 core cable(1 roll)@16,900,1.5mm 3 core cable(1 roll)@10,000,Universal pcb board 2 pcs@4,000",1,1,Purchase Order,NULL,1,2022-11-11,2022-11-11,Sahara Cooling Systems Ltd,1,"0
",81400,1
94,2022-06-30,2022-07-31,supplier,7,NULL,534,0,0,0,132500,0,132500,0,0,0,0,132500,Paid,132500,"Inverter comp 45kw R410a Vrf@50,000,R410 gas 6 cylinders@72,000,3 phase circuit breaker@6,000,3 phase isolator@4,500",1,1,Purchase Order,NULL,1,2022-11-11,2022-11-11,Sahara Cooling Systems Ltd,1,"0
",132500,1
95,2022-06-24,2022-07-25,supplier,7,NULL,NULL,0,0,0,2000,0,2000,0,0,0,0,2000,Paid,2000,"Condenser cleaner@2,000",1,1,Purchase Order,NULL,1,2022-11-11,2022-11-11,Sahara Cooling Systems Ltd,1,"0
",2000,1
96,2022-07-02,2022-08-02,supplier,7,NULL,550,0,0,0,4500,0,4500,0,0,0,0,4500,Paid,4500,Outdoor Condenser fan motor high wall ,1,1,Purchase Order,NULL,1,2022-11-11,2022-11-11,Sahara Cooling Systems Ltd,1,"0
",4500,1
97,2022-07-04,2022-08-04,supplier,7,NULL,566,0,0,0,4500,0,4500,0,0,0,0,4500,Paid,4500,Indoor fan motor,1,1,Purchase Order,NULL,1,2022-11-11,2022-11-11,Sahara Cooling Systems Ltd,1,"0
",4500,1
98,2022-07-12,2022-08-12,supplier,7,NULL,526,0,0,0,20000,0,20000,0,0,0,0,20000,Paid,20000,"24,000Btu comp R22@20,000",1,1,Purchase Order,NULL,1,2022-11-11,2022-11-11,Sahara Cooling Systems Ltd,1,"0
",20000,1
99,2022-07-12,2022-08-12,supplier,7,NULL,571,0,0,0,110000,0,110000,0,0,0,0,110000,Paid,110000,"Phase failure 3 pcs@13,500,410 gas 6cylinders@72,000,60 Amps contactor 3 pcs@25,500",1,1,Purchase Order,NULL,1,2022-11-11,2022-11-11,Sahara Cooling Systems Ltd,1,"0
",110000,1
100,2022-07-12,2022-08-12,supplier,7,NULL,569,0,0,0,11000,0,11000,0,0,0,0,11000,Paid,11000,"Condensate pump ceiling toshiba@9,000,PCB Universal board@2000",1,1,Purchase Order,NULL,1,2022-11-11,2022-11-11,Sahara Cooling Systems Ltd,1,"0
",11000,1
101,2022-07-12,2022-08-12,supplier,7,NULL,567,0,0,0,18500,0,18500,0,0,0,0,18500,Paid,18500,"Condensate pump 2 ltrs@14,000(Qtn 1458),Universal pcb board@(Qtn 1456),Contactor 25Amps@(Qtn 1456)",1,1,Purchase Order,NULL,1,2022-11-11,2022-11-11,Sahara Cooling Systems Ltd,1,"0
",18500,1
102,2022-07-13,2022-08-13,supplier,7,NULL,575,0,0,0,4000,0,4000,0,0,0,0,4000,Paid,4000,"Universal pcb board 2 pcs@4,000",1,1,Purchase Order,NULL,1,2022-11-11,2022-11-11,Sahara Cooling Systems Ltd,1,"0
",4000,1
103,2022-07-13,2022-08-13,supplier,7,NULL,577,0,0,0,1200,0,1200,0,0,0,0,1200,Paid,1200,Map gas@1200 ,1,1,Purchase Order,NULL,1,2022-11-11,2022-11-11,Sahara Cooling Systems Ltd,1,"0
",1200,1
104,2022-07-19,2022-08-19,supplier,7,NULL,NULL,0,0,0,400000,0,400000,0,0,0,0,400000,pmt,400000,Payment via Equity bank ref:76943081,1,1,bank statement,76943081,1,2022-11-11,2022-11-11,Sahara Cooling Systems Ltd,1,"0
",400000,1
105,2022-07-19,2022-08-19,supplier,7,NULL,593,0,0,0,96000,0,96000,0,0,0,0,96000,Paid,96000,"Compressor 36,000Btu R22 scroll 3 phase 1pc@40,000,Compressor 24,000Btu R410@22,000,PCB Universal @2,000 1pc,R410 gas refron@12,000 1 Pc,R22 gas 2 cylinders@20,000",1,1,Purchase Order,NULL,1,2022-11-11,2022-11-11,Sahara Cooling Systems Ltd,1,"0
",96000,1
106,2022-07-22,2022-08-22,supplier,7,NULL,598,0,0,0,19750,0,19750,0,0,0,0,19750,Paid,19750,"5/8 copper pipe 1roll@10,000,3/8 copper pipe 1 roll@Rawbolts m8 1pkt@2000,outdoor bracket@1200,dp switch@300,32Amps circuit braker@250",1,1,Purchase Order,NULL,1,2022-11-11,2022-11-11,Sahara Cooling Systems Ltd,1,"0
",19750,1
107,2022-07-23,2022-08-23,supplier,7,NULL,602,0,0,0,45000,0,45000,0,0,0,0,45000,Paid,45000,"24,000btu compressor r22@20,000,capacitor 50uf@1,000,R410 refron2 pcs@24,000",1,1,Purchase Order,NULL,1,2022-11-11,2022-11-11,Sahara Cooling Systems Ltd,1,"0
",45000,1
108,2022-07-23,2022-08-23,supplier,7,NULL,622,0,0,0,44600,0,44600,0,0,0,0,44600,partly paid,8990,"Hematic comp 36,000btuR22 single phase@40,000 R22,map gas 3 pcs@3,600,capacitor 60uf@1,000",1,1,Purchase Order,NULL,1,2022-11-11,2022-11-11,Sahara Cooling Systems Ltd,1,"0
",44600,1
109,2022-08-02,2022-09-02,supplier,7,NULL,NULL,0,0,0,88000,0,88000,0,0,0,0,88000,not paid,88000,"R22 gas 4 cylinders@40,000,R410 gas 4 cylinders@48,000",1,1,Purchase Order,NULL,1,2022-11-11,2022-11-11,Sahara Cooling Systems Ltd,1,"0
",0,1
110,2022-08-24,2022-09-24,supplier,7,NULL,NULL,0,0,0,550000,0,550000,0,0,0,0,550000,pmt,550000,Payment via Equity bank ref:77036937,1,1,bank statement,77036937,1,2022-11-11,2022-11-11,Sahara Cooling Systems Ltd,1,"0
",550000,1
111,2022-08-16,2022-09-16,supplier,7,NULL,619,0,0,0,10000,0,10000,0,0,0,0,10000,not paid,10000,R22 gas@10000,1,1,Purchase Order,NULL,1,2022-11-11,2022-11-11,Sahara Cooling Systems Ltd,1,"0
",0,1
112,2022-08-17,2022-09-17,supplier,7,NULL,633,0,0,0,20300,0,20300,0,0,0,0,20300,not paid,20300,"Contactor 3 phase 50 Amps@6000,Phase failure 3 phase 50 Amps@,4,500Avs 30A@5,000 2 Pcs,Universal pcbs@4000 2pcs,d.p switch 30Amps@800 2 pcs",1,1,Purchase Order,NULL,1,2022-11-11,2022-11-11,Sahara Cooling Systems Ltd,1,"0
",0,1
113,2022-08-26,2022-09-26,supplier,7,NULL,640,0,0,0,6000,0,6000,0,0,0,0,6000,not paid,6000,"second hand compressor R22 12,000btu Rotary@6000",1,1,Purchase Order,NULL,1,2022-11-11,2022-11-11,Sahara Cooling Systems Ltd,1,"0
",0,1
114,2022-08-29,2022-09-29,supplier,7,NULL,NULL,0,0,0,30000,0,30000,0,0,0,0,30000,not paid,30000,"Frio r 22 gas@30,000 for 3 cylinders",1,1,Purchase Order,NULL,1,2022-11-11,2022-11-11,Sahara Cooling Systems Ltd,1,"0
",0,1
115,2022-08-31,2022-10-01,supplier,7,NULL,651,0,0,0,84000,0,84000,0,0,0,0,84000,not paid,84000,"R410 gas@84,000 7 cylinders",1,1,Purchase Order,NULL,1,2022-11-11,2022-11-11,Sahara Cooling Systems Ltd,1,"0
",0,1
116,2022-09-03,2022-10-04,supplier,7,NULL,653,0,0,0,20500,0,20500,0,0,0,0,20500,not paid,20500,"Comp r22 18,000btu@18,000,Avs single phase@2,500",1,1,Purchase Order,NULL,1,2022-11-11,2022-11-11,Sahara Cooling Systems Ltd,1,"0
",0,1
117,2022-09-09,2022-10-10,supplier,7,NULL,660,0,0,0,23400,0,23400,0,0,0,0,23400,not paid,23400,"R410 gas 1 cylinder@12,000,map gas@1200,Avs 30 single phase@2,500,Contactor 30Amps@4,500,Capacitor 45uf@1000,1 pkt of rods@2,200",1,1,Purchase Order,NULL,1,2022-11-11,2022-11-11,Sahara Cooling Systems Ltd,1,"0
",0,1
118,2022-09-14,2022-10-15,supplier,7,NULL,665,0,0,0,5000,0,5000,0,0,0,0,5000,not paid,5000,AVS 30 2 Pcs @5000,1,1,Purchase Order,NULL,1,2022-11-11,2022-11-11,Sahara Cooling Systems Ltd,1,"0
",0,1
119,2022-09-14,2022-10-15,supplier,7,NULL,635,0,0,0,4000,0,4000,0,0,0,0,4000,not paid,4000,8 iches non insulated duct,1,1,Purchase Order,NULL,1,2022-11-11,2022-11-11,Sahara Cooling Systems Ltd,1,"0
",0,1
120,2022-09-23,2022-10-24,supplier,7,NULL,NULL,0,0,0,150000,0,150000,0,0,0,0,150000,pmt,150000,Payment via kcb bank ref:FT222666NZ2P,1,1,bank statement,FT222666NZ2P,1,2022-11-11,2022-11-11,Sahara Cooling Systems Ltd,1,"0
",150000,1
121,2022-09-22,2022-10-23,supplier,7,NULL,681,0,0,0,20000,0,20000,0,0,0,0,20000,not paid,20000,2 R22 Frio gas@10000,1,1,Purchase Order,NULL,1,2022-11-11,2022-11-11,Sahara Cooling Systems Ltd,1,"0
",0,1
122,2022-09-27,2022-10-28,supplier,7,NULL,694,0,0,0,10000,0,10000,0,0,0,0,10000,not paid,10000,R22 Frio gas@10000,1,1,Purchase Order,NULL,1,2022-11-11,2022-11-11,Sahara Cooling Systems Ltd,1,"0
",0,1
123,2022-09-29,2022-10-30,supplier,7,NULL,714,0,0,0,2000,0,2000,0,0,0,0,2000,not paid,2000,"PCB Universal board 1 pc@2,000",1,1,Purchase Order,NULL,1,2022-11-11,2022-11-11,Sahara Cooling Systems Ltd,1,"0
",0,1
124,2022-09-30,2022-10-31,supplier,7,NULL,NULL,0,0,0,65000,0,65000,0,0,0,0,65000,not paid,65000,"3 R22 Gas @10000, 10 30 A AVS @ 2500, 5 Universal PCB @ 2000",1,1,Purchase Order,NULL,1,2022-11-11,2022-11-11,Sahara Cooling Systems Ltd,1,"0
",0,1
125,2022-10-03,2022-11-03,supplier,7,NULL,701,0,0,0,6000,0,6000,0,0,0,0,6000,not paid,6000,Indoor fan motor,1,1,Purchase Order,NULL,1,2022-11-11,2022-11-11,Sahara Cooling Systems Ltd,1,"0
",0,1
126,2022-10-03,2022-11-03,supplier,7,NULL,706,0,0,0,1850,0,1850,0,0,0,0,1850,not paid,1850,"5 Armouflex 1/2 @120, 5 Armouflex 1/4@ 100, DP Switch 25A @500, Cable ties @ 250",1,1,Purchase Order,NULL,1,2022-11-11,2022-11-11,Sahara Cooling Systems Ltd,1,"0
",0,1
127,2022-10-03,2022-11-03,supplier,7,NULL,720,0,0,0,13760,0,13760,0,0,0,0,13760,not paid,13760,"15M Copper pipe 1/2 @ 8000, 15M Copper pipe 1/4 @ 4000, 8 Armouflex 1/4 @100, 8 Armouflex 1/2 @120",1,1,Purchase Order,NULL,1,2022-11-11,2022-11-11,Sahara Cooling Systems Ltd,1,"0
",0,1
128,2022-10-05,2022-11-05,supplier,7,NULL,705,0,0,0,41000,0,41000,0,0,0,0,41000,not paid,41000,"50UF Capacitor@ 1000, 2 Compressor 24000btu/hr R22 @20000",1,1,Purchase Order,NULL,1,2022-11-11,2022-11-11,Sahara Cooling Systems Ltd,1,"0
",0,1
129,2022-10-05,2022-11-05,supplier,7,NULL,742,0,0,0,14160,0,14160,0,0,0,0,14160,not paid,14160,"15M Copper pipe 1/2 @ 8000, 15M Copper pipe 1/4 @ 4000, 8 Armouflex 1/4 @100, 100 Self tapping screws and wall plug@400",1,1,Purchase Order,NULL,1,2022-11-11,2022-11-11,Sahara Cooling Systems Ltd,1,"0
",0,1
130,2022-10-06,2022-11-06,supplier,7,NULL,709,0,0,0,59000,0,59000,0,0,0,0,59000,not paid,59000,"Compressor 24000BTU/HR R410A @20000, 2 Contactor 32amps Single phase @4500, Compressor 18000BTU/HR R410A @18000, R410 Gas @12000",1,1,Purchase Order,NULL,1,2022-11-11,2022-11-11,Sahara Cooling Systems Ltd,1,"0
",0,1
131,2022-10-07,2022-11-07,supplier,7,NULL,747,0,0,0,27000,0,27000,0,0,0,0,27000,not paid,27000,"Compressor 24000 BTU/HR R410A @20000, 2 Contactor D25@ 3500",1,1,Purchase Order,NULL,1,2022-11-11,2022-11-11,Sahara Cooling Systems Ltd,1,"0
",0,1
132,2022-10-07,2022-11-07,supplier,7,NULL,746,0,0,0,33999.96,0,33999.96,0,0,0,0,33999.96,not paid,33999.96,"20m Copper pipe 3/8  12000, 20m Copper pipes 5/8  19000, 10 Armaflex 3/8 @110, 10 Armaflex 5/8 @140, Cable ties @500",1,1,Purchase Order,NULL,1,2022-11-11,2022-11-11,Sahara Cooling Systems Ltd,1,"0
",0,1
133,2022-10-07,2022-11-07,supplier,7,NULL,NULL,0,0,0,1000,0,1000,0,0,0,0,1000,not paid,1000,12 pcs Wrapping tape 1000,1,1,Purchase Order,NULL,1,2022-11-11,2022-11-11,Sahara Cooling Systems Ltd,1,"0
",0,1
134,2022-10-08,2022-11-08,supplier,7,NULL,702,0,0,0,3000,0,3000,0,0,0,0,3000,not paid,3000,Condensate pump ceiling cassette AC @3000,1,1,Purchase Order,NULL,1,2022-11-11,2022-11-11,Sahara Cooling Systems Ltd,1,"0
",0,1
135,2022-10-11,2022-11-11,supplier,7,NULL,676,0,0,0,560,0,560,0,0,0,0,560,not paid,560,"3 Armouflex 1/2 inch@120, Wrapping tape@200",1,1,Purchase Order,NULL,1,2022-11-11,2022-11-11,Sahara Cooling Systems Ltd,1,"0
",0,1
136,2022-10-11,2022-11-11,supplier,7,NULL,666,0,0,0,600,0,600,0,0,0,0,600,not paid,600,3 Aluminium tape@ 600,1,1,Purchase Order,NULL,1,2022-11-11,2022-11-11,Sahara Cooling Systems Ltd,1,"0
",0,1
137,2022-10-13,2022-11-13,supplier,7,NULL,NULL,0,0,0,47650,0,47650,0,0,0,0,47650,not paid,47650,"3 3/8 Refrigerant tubes@5000, 3 5/8 Refrigerant tubes @9000, 2 Threaded Rods @200, 21 Armaflex 3/8@ 110, 21 Armaflex 5/8@ 140",1,1,Purchase Order,NULL,1,2022-11-11,2022-11-11,Sahara Cooling Systems Ltd,1,"0
",0,1
138,2022-10-13,2022-11-13,supplier,7,NULL,746,0,0,0,400,0,400,0,0,0,0,400,not paid,400,2 Wrapping tape@ 200,1,1,Purchase Order,NULL,1,2022-11-11,2022-11-11,Sahara Cooling Systems Ltd,1,"0
",0,1
139,2022-10-13,2022-11-13,supplier,7,NULL,747,0,0,0,1500,0,1500,0,0,0,0,1500,not paid,1500,N Karate Compressor oil@1500,1,1,Purchase Order,NULL,1,2022-11-11,2022-11-11,Sahara Cooling Systems Ltd,1,"0
",0,1
140,2022-10-13,2022-11-13,supplier,7,NULL,753,0,0,0,700,0,700,0,0,0,0,700,not paid,700, 5 Armouflex 5/8@140,1,1,Purchase Order,NULL,1,2022-11-11,2022-11-11,Sahara Cooling Systems Ltd,1,"0
",0,1
141,2022-10-14,2022-11-14,supplier,7,NULL,NULL,0,0,0,25000,0,25000,0,0,0,0,25000,not paid,25000,10 AVS 30 Single phase@2500,1,1,Purchase Order,NULL,1,2022-11-11,2022-11-11,Sahara Cooling Systems Ltd,1,"0
",0,1
142,2022-10-14,2022-11-14,supplier,7,NULL,754,0,0,0,2200,0,2200,0,0,0,0,2200,not paid,2200,"10 Armouflex 1/4 @100, 10 Armouflex 1/2 @120",1,1,Purchase Order,NULL,1,2022-11-11,2022-11-11,Sahara Cooling Systems Ltd,1,"0
",0,1
143,2022-10-17,2022-11-17,supplier,7,NULL,NULL,0,0,0,18000,0,18000,0,0,0,0,18000,not paid,18000,Compressor 18000 BTU/HR @18000,1,1,Purchase Order,NULL,1,2022-11-11,2022-11-11,Sahara Cooling Systems Ltd,1,"0
",0,1
144,2022-10-17,2022-11-17,supplier,7,NULL,709,0,0,0,4500,0,4500,0,0,0,0,4500,not paid,4500,"Universal PCB@ 2000, AVS 30 Single phase @2500",1,1,Purchase Order,NULL,1,2022-11-11,2022-11-11,Sahara Cooling Systems Ltd,1,"0
",0,1
145,2022-10-17,2022-11-17,supplier,7,NULL,755,0,0,0,11000,0,11000,0,0,0,0,11000,not paid,11000,"Contactor 3 phase 32 A@4500, Phase Protector 3 ph@3500, Isolator@3000",1,1,Purchase Order,NULL,1,2022-11-11,2022-11-11,Sahara Cooling Systems Ltd,1,"0
",0,1
146,2022-10-19,2022-11-19,supplier,7,NULL,757,0,0,0,3800,0,3800,0,0,0,0,3800,not paid,3800,"15 Armouflex 1/4 @100, 15 Armouflex 1/2@ 120, DP Switch @500",1,1,Purchase Order,NULL,1,2022-11-11,2022-11-11,Sahara Cooling Systems Ltd,1,"0
",0,1
147,2022-10-21,2022-11-21,supplier,7,NULL,761,0,0,0,20000,0,20000,0,0,0,0,20000,not paid,20000,Compressor 24000bTU/HR R410A @20000,1,1,Purchase Order,NULL,1,2022-11-11,2022-11-11,Sahara Cooling Systems Ltd,1,"0
",0,1
148,2022-10-21,2022-11-21,supplier,7,NULL,768,0,0,0,20000,0,20000,0,0,0,0,20000,not paid,20000,Compressor 24000bTU/HR R410A @20000,1,1,Purchase Order,NULL,1,2022-11-11,2022-11-11,Sahara Cooling Systems Ltd,1,"0
",0,1
149,2022-10-21,2022-11-21,supplier,7,NULL,660,0,0,0,32500,0,32500,0,0,0,0,32500,not paid,32500,"Compressor 24000bTU/HR R22 @20000, AVS 30 Single phase@ 2500, R22 Gas@10000",1,1,Purchase Order,NULL,1,2022-11-11,2022-11-11,Sahara Cooling Systems Ltd,1,"0
",0,1
150,2022-10-29,2022-11-29,supplier,7,NULL,784,0,0,0,27000,0,27000,0,0,0,0,27000,not paid,27000,"TEX 5 for R22/R407 @15000, R407@ 12000",1,1,Purchase Order,NULL,1,2022-11-11,2022-11-11,Sahara Cooling Systems Ltd,1,"0
",0,1
151,2022-10-31,2022-11-30,supplier,7,NULL,784,0,0,0,19500,0,19500,0,0,0,0,19500,not paid,19500,"3 N Karate Compressor oil@1500, R407@ 12000, Filter Drier 36K @ 3000",1,1,Purchase Order,NULL,1,2022-11-11,2022-11-11,Sahara Cooling Systems Ltd,1,"0
",0,1
